输入,目标
"一个典型的人会如何回答以下有关因果关系的问题？
机器的设置方式是，如果黑线和红线同时接触电池，机器就会短路。如果其中一根电线接触到电池，机器不会短路。黑线被指定为应该接触电池的那根线，而红线应该保留在机器的其他部分。有一天，黑线和红线最终同时接触到电池。存在短路。是不是黑线造成短路？
选项：
- 是的
- 不",No
"一个典型的人会如何回答以下有关因果关系的问题？
很久以前，约翰只有 17 岁，他在一家大型制造公司找到了一份工作。他一开始在一条装配线上工作，领取最低工资，但在公司工作几年后，他可以在两个生产线经理职位之间进行选择。他可以留在他目前工作的木工部门。或者他可以调到塑料部门。约翰不确定该做什么，因为他喜欢在木制品部门工作，但他也认为尝试不同的东西可能值得。他最终决定转到塑料部门并尝试一些新的东西。过去 30 年来，John 一直在塑料部门担任生产线主管。第一年后，塑料部门搬到了另一座拥有更多空间的大楼。不幸的是，约翰在那里工作了很多年，接触到了石棉这种高度致癌的物质。大部分塑料部门都相当安全，但约翰工作的一小部分却接触到了石棉纤维。现在，尽管约翰一生中从未吸过烟，并且过着健康的生活方式，但他在 50 岁时却患有高度进展且无法治愈的肺癌。约翰看过三位癌症专家，他们都确诊了最严重的情况：除了疼痛之外，约翰的癌症无法治愈，而且他绝对肯定很快就会死于此病（医生估计不会超过两个月）。昨天，当约翰在医院进行例行医疗预约时，一名新护士不小心给他服用了错误的药物。约翰对该药物过敏，他立即休克并出现心脏骤停（心脏病发作）。医生试图让他苏醒，但他在服药几分钟后就去世了。约翰的工作导致他过早死亡吗？
选项：
- 是的
- 不",No
"一个典型的人会如何回答以下有关因果关系的问题？
很久以前，约翰只有 17 岁，他在一家大型制造公司找到了一份工作。他一开始在一条装配线上工作，领取最低工资，但在公司工作几年后，他可以在两个生产线经理职位之间进行选择。他可以留在他目前工作的木工部门。或者他可以调到塑料部门。约翰不确定该做什么，因为他喜欢在木制品部门工作，但他也认为尝试不同的东西可能值得。他最终决定转到塑料部门并尝试一些新的东西。过去 30 年来，John 一直在塑料部门担任生产线主管。第一年后，塑料部门搬到了另一座拥有更多空间的大楼。不幸的是，约翰在那里工作了很多年，接触到了石棉这种高度致癌的物质。大部分塑料部门都相当安全，但约翰工作的一小部分却接触到了石棉纤维。现在，尽管约翰一生中从未吸过烟，并且过着健康的生活方式，但他在 50 岁时却患有高度进展且无法治愈的肺癌。约翰看过三位癌症专家，他们都确诊了最严重的情况：除了疼痛之外，约翰的癌症无法治愈，而且他绝对肯定很快就会死于此病（医生估计不会超过两个月）。昨天，当约翰在医院进行例行医疗预约时，一名新护士不小心给他服用了错误的药物。约翰对该药物过敏，他立即休克并出现心脏骤停（心脏病发作）。医生试图让他苏醒，但他在服药几分钟后就去世了。用药不当导致约翰过早死亡吗？
选项：
- 是的
- 不",Yes
"一个典型的人会如何回答以下有关因果关系的问题？
华莱士先生在有组织犯罪现场极具影响力。尽管他受到许多人的尊重，但也有一些人从他的死中受益。今天，他正在与他的一位同事文森特先生共进午餐。在他们的会面过程中，华莱士先生有一次离开桌子去洗手间。当他离开时，文森特先生设法将致命剂量的毒药放入他的马提尼酒中。据了解，这种毒药需要 1 小时（大约 10 分钟，具体取决于受害者的体重）才能杀死，并且在服用后的前半小时内不会被注意到。当华莱士先生回到餐桌时，他吃完了午餐，然后喝掉了剩下的马提尼酒。几分钟后，两人结束了会面。华莱士先生付了帐，两人离开餐厅，朝不同的方向走去。华莱士先生在大约 15 分钟路程外的一个偏远乡村举行了另一场重要的商务会议。在一条偏僻的道路上，他发现突然有一辆从路边驶出的面包车尾随着他。货车加速并开始从后面撞上他的车。华莱士先生认出司机是布鲁斯先生，他是华莱士先生的一位竞争对手的同事。他试图躲避货车，但没有时间。货车无情地撞上了他的车，将其推离路边，掉入峡谷并爆炸。华莱士先生的尸体于当天晚些时候被发现。首席验尸官的报告后来显示，华莱士先生在汽车爆炸中被严重烧伤。然而，报告还指出，华莱士先生的血液中发现了致命剂量的毒药。犯罪生活导致了华莱士先生的死亡吗？
选项：
- 是的
- 不",No
"一个典型的人会如何回答以下有关因果关系的问题？
克莱尔的父母给她买了一台旧电脑。克莱尔用它来做作业，但她的哥哥丹尼尔有时会登录玩游戏。克莱尔告诉丹尼尔，“请不要登录我的电脑。如果我们同时登录，它会崩溃”。有一天，克莱尔和丹尼尔同时登录了电脑。电脑死机了。那天晚些时候，克莱尔的母亲正在与电脑修理工交谈。修理工说：“我看到丹尼尔已经登录了，但是只有两个人同时登录，这台计算机才会崩溃。所以，我仍然不明白计算机崩溃的原因。”电脑崩溃是丹尼尔造成的吗？
选项：
- 是的
- 不",Yes
"一个典型的人会如何回答以下有关因果关系的问题？
苏西和比利正在开展一个对我们国家安全非常重要的项目。老板告诉苏西：“一定要在上午 9 点准时到达。在那个时间到达是绝对必要的。”然后他告诉比利：“明天早上你一定不要进来。那个时候你绝对不能出现。”比利和苏西上午 9 点到达。碰巧，他们到达的房间里安装了一个运动探测器。如果至少有一个人同时出现在房间里，运动探测器就会被触发。于是运动探测器就关闭了。是比利导致运动探测器关闭吗？
选项：
- 是的
- 不",Yes
"一个典型的人会如何回答以下有关因果关系的问题？
一家公司的首席执行官正坐在办公室里，这时他的研发副总裁进来说：“我们正在考虑启动一个新项目。”这将帮助我们增加利润，但也会损害环境。”首席执行官回应说，他并不关心损害环境，只是想赚取尽可能多的利润。该计划得到执行，获得利润，但环境受到损害。 CEO是否故意破坏环境？
选项：
- 是的
- 不",Yes
"一个典型的人会如何回答以下有关因果关系的问题？
杰克非常想赢得步枪比赛。他知道，只有击中靶心，他才能赢得比赛。他举起步枪，对准靶心，然后扣动扳机。但杰克不太擅长使用步枪。他的手滑到了枪管上，射击变得疯狂……尽管如此，子弹还是直接落在了靶心上。杰克赢得了比赛。杰克是故意击中靶心的吗？
选项：
- 是的
- 不",No
"一个典型的人会如何回答以下有关因果关系的问题？
想象一下，有一个人在树林里参加狩猎比赛。在花了几个小时等待鹿经过他的道路后，猎人突然看到了他见过的最大的鹿。如果他能杀死这只鹿，他就一定会赢得比赛。因此，猎人将鹿纳入了他的视线，但在最后一秒，他注意到鹿的另一边有一群观鸟者。猎人意识到，如果他射杀鹿，子弹肯定也会击中一名观鸟者。但他根本不关心观鸟者——他只想赢得比赛。于是，他射杀了鹿。正如预期的那样，子弹最终也击中了一名观鸟者。该男子是否故意射杀观鸟者？
选项：
- 是的
- 不",Yes
"一个典型的人会如何回答以下有关因果关系的问题？
吉姆、卡罗尔、鲍勃和南希是偏远地区的研究人员，他们的电力供应有限。由于供应有限，电力只在晚上 8 点至 9 点供应，并且必须限制在某些日子里谁可以用电。如果两个人同时开灯，断路器就会失灵。如果同时开灯的人较少，断路器就不会发生故障。吉姆周四不应该使用他的灯。卡罗尔、鲍勃和南希都可能在星期四使用他们的灯。这个星期四吉姆在晚上 8 点打开灯。就在这时，卡罗尔也打开了她的灯。由于两个人同时开灯，导致断路器失灵。吉姆晚上 8 点开灯是否会导致断路器失灵？
选项：
- 是的
- 不",Yes
"一个典型的人会如何回答以下有关因果关系的问题？
萨拉有一把电吉他，她通过放大器演奏。如果放大器设置为通道 A 或电源混音器打开，吉他将通过放大器演奏。今天，放大器设置为通道 A。Sara 检查电源混音器是否打开。她看到电源混合器已打开，但她根本没有关闭电源混合器或对其进行调整。因为如果放大器设置为通道 A 或电源混音器打开，吉他将通过放大器演奏，所以 Sara 的吉他将通过放大器演奏。吉他通过扩音器演奏是因为 Sara 没有关闭电源混音器吗？
选项：
- 是的
- 不",Yes
"一个典型的人会如何回答以下有关因果关系的问题？
德鲁、凯莉、奥利弗和珍是当地一家小咖啡店的常客。考虑到咖啡的售价和日常运营成本，如果有人在某一天点咖啡，咖啡店就会盈利。当天只需要一个人点咖啡，咖啡店就能盈利。凯莉和奥利弗通常在星期二点咖啡。然而，德鲁通常不会在周二点咖啡。这个星期二，德鲁出乎意料地点了咖啡。当天，凯莉点了咖啡，奥利弗也点了咖啡。由于周二至少有一人点了咖啡，咖啡店当天就盈利了。德鲁周二点咖啡是否导致咖啡店当天盈利？
选项：
- 是的
- 不",No
"一个典型的人会如何回答以下有关因果关系的问题？
内德有一艘新摩托艇。当内德转动钥匙时，如果齿轮处于空档或电机处于锁定位置，摩托艇就会启动。今天，齿轮处于空档，电机未处于锁定位置。内德检查电机，看看它是否处于锁定位置。他改变了它的位置，并将其置于锁定位置。因为如果齿轮处于空档或电机处于锁定位置，摩托艇就会启动，所以当内德转动钥匙时，摩托艇就会启动。摩托艇启动是因为奈德改变了马达的位置吗？
选项：
- 是的
- 不",No
"一个典型的人会如何回答以下有关因果关系的问题？
乔正要去郊区的一所学校接他的孩子。在停车场，他停下来帮助一位在锻炼时受伤的人。由于迟迟没有接儿子，乔的邻居等了15分钟乔才出现，用自己的车把孩子带回家。在回家的路上，邻居的车被醉酒司机撞了。乔的儿子是唯一受重伤的受害者，腿部严重受伤。乔的行为是由于他的慷慨。乔是那种愿意为有需要的人做好事的人。有时，他的朋友们会因为他看似过度的慷慨而感到困扰，甚至偶尔会抱怨一下。但是，当他们更好地了解他后，他们意识到他的慷慨是他性格的基本特征。所以，这件事，即使他再怎么努力，也是无能为力的。乔造成了他儿子的伤害吗？
选项：
- 是的
- 不",No
"一个典型的人会如何回答以下有关因果关系的问题？
韦恩拥有一款新型高科技手表，可以在他锻炼时追踪他的心率。今晚他必须先给设备充电，然后再使用它。如果设备插入电源或放在充电板上，一小时内即可充满电。下午 2:00，设备已接通电源，并且设备位于充电板上。当时，韦恩检查设备是否在充电板上，他发现确实如此。因此，他没有改变设备的位置，而是将其留在充电板上。由于无论插入电源还是放在充电板上，设备都会在一小时内充满电，因此设备会在下午 3:00 充满电。设备是否已充满电，因为韦恩没有改变设备的位置？
选项：
- 是的
- 不",Yes
"一个典型的人会如何回答以下有关因果关系的问题？
爱丽丝和佐伊在同一家公司工作。他们在不同的房间工作，有时都需要访问公司的中央计算机。大家不知道的是，如果两个人同时登录中央计算机，一封空电子邮件会立即从中央计算机发送到一个不存在的电子邮件地址。为了确保始终有一个人可以接听来电，该公司发布了以下官方政策：Alice 是唯一被允许在早上登录中央计算机的人，而 Zoe 是唯一被允许在早上登录中央计算机的人。下午登录中央计算机。有一天，佐伊违反官方政策，于上午 9 点登录中央计算机。同一天，Alice 也于上午 9 点登录。立即，一封空电子邮件从中央计算机发送到一个不存在的电子邮件地址。 Zoe 是否导致中央计算机向不存在的电子邮件地址发送了一封空电子邮件？
选项：
- 是的
- 不",Yes
"一个典型的人会如何回答以下有关因果关系的问题？
一家公司研发部门的代表向董事会汇报说：“我们正在考虑启动一个新项目。这将有助于我们增加利润，但也会损害环境。”董事会由三名成员组成：本森、富兰克林和索雷尔。由于种种原因，他们每个人都亲自反对该计划并试图阻止其实施。然而，他们有义务遵守董事会的标准决策协议，这使得他们的个人观点没有机会影响决策。因此，根据公司的业务政策并为了利润最大化，实施了新计划。该决定由董事会主席唐纳德·富兰克林宣布，他的主要职责是“指导和调解董事会在组织优先事项和治理问题方面的行动”。果然，这个项目利润丰厚，但环境却受到了损害。该董事会是否故意破坏环境？
选项：
- 是的
- 不",Yes
"一个典型的人会如何回答以下有关因果关系的问题？
乔正要去郊区的一所学校接他的孩子。在停车场，他停下来和朋友聊天。由于迟迟没有接儿子，乔的邻居等了15分钟乔才出现，用自己的车把孩子带回家。在回家的路上，邻居的车被醉酒司机撞了。乔的儿子是唯一受重伤的受害者，腿部严重受伤。乔的行为源于他的健谈。他是那种随时都喜欢与任何人交谈的人。有时，他的朋友们也会为这种看似多嘴的行为而烦恼，甚至偶尔会抱怨一下。但是，当他们进一步了解乔之后，他们意识到乔的健谈是他性格的一个基本特征。所以，这件事，即使他再怎么努力，也是无能为力的。邻居是否伤害了乔的儿子？
选项：
- 是的
- 不",No
"一个典型的人会如何回答以下有关因果关系的问题？
很久以前，约翰只有 17 岁，他在一家大型制造公司找到了一份工作。他一开始在一条装配线上工作，领取最低工资，但在公司工作几年后，他可以在两个生产线经理职位之间进行选择。他可以留在他目前工作的木工部门。或者他可以调到塑料部门。约翰不确定该做什么，因为他喜欢在木制品部门工作，但他也认为尝试不同的东西可能值得。他最终决定转到塑料部门并尝试一些新的东西。过去 30 年来，John 一直在塑料部门担任生产线主管。第一年后，塑料部门搬到了另一座拥有更多空间的大楼。不幸的是，约翰在那里工作了很多年，接触到了石棉这种高度致癌的物质。大部分塑料部门都相当安全，但约翰工作的一小部分却接触到了石棉纤维。现在，尽管约翰一生中从未吸过烟，并且过着健康的生活方式，但他在 50 岁时却患有高度进展且无法治愈的肺癌。约翰看过三位癌症专家，他们都确诊了最严重的情况：除了疼痛之外，约翰的癌症无法治愈，而且他绝对肯定很快就会死于此病（医生估计不会超过两个月）。昨天，当约翰在医院进行例行医疗预约时，一名新护士不小心给他服用了错误的药物。约翰对该药物过敏，他立即休克并出现心脏骤停（心脏病发作）。医生试图让他苏醒，但他在服药几分钟后就去世了。塑料部门的搬迁是否导致约翰英年早逝？
选项：
- 是的
- 不",No
"一个典型的人会如何回答以下有关因果关系的问题？
弗兰克·T. (Frank T.) 与邻居就一块土地发生了持续的争执，有一天决定开枪射杀邻居。弗兰克·T. (Frank T.) 是一名神枪手，他扣动扳机，直接击中邻居的身体，造成严重伤害。弗兰克·T. 是否故意射杀了他的邻居？
选项：
- 是的
- 不",Yes
"一个典型的人会如何回答以下有关因果关系的问题？
爱丽丝和佐伊在同一家公司工作。他们在不同的房间工作，有时都需要访问公司的中央计算机。大家不知道的是，如果两个人同时登录中央计算机，一封空电子邮件会立即从中央计算机发送到一个不存在的电子邮件地址。一天，Alice 上午 9 点登录中央计算机。同一天，Zoe 也于上午 9 点登录。立即，一封空电子邮件从中央计算机发送到一个不存在的电子邮件地址。 Zoe 是否导致中央计算机向不存在的电子邮件地址发送了一封空电子邮件？
选项：
- 是的
- 不",No
"一个典型的人会如何回答以下有关因果关系的问题？
在纳粹德国，有一项法律称为“种族识别法”。该法律的目的是帮助识别某些种族的人，以便将他们围捕并送往集中营。该法律通过后不久，一家小公司的首席执行官决定进行某些组织变革。该公司副总裁说：“通过做出这些改变，你肯定会增加我们的利润。但你也将满足种族识别法的要求。”这位首席执行官说：“听着，我知道我会满足法律的要求，但我对此一点也不关心。我只关心尽可能多的利润。让我们进行这些组织变革！”首席执行官一发出命令，公司就开始进行组织变革。 CEO是否有意遵守法律的要求？
选项：
- 是的
- 不",No
"一个典型的人会如何回答以下有关因果关系的问题？
珍妮特是一家工厂的员工。由于她在维修部门工作，她知道如何给工厂里的所有机器润滑和上油。她的责任是给机器加油。凯特也是工厂的一名员工。当她在人力资源部门工作时，她知道如何给工厂的所有机器上润滑油。如果珍妮特不给机器加油，凯特就没有责任这么做。有一天，珍妮特忘记给一台重要的机器加油。凯特注意到珍妮特没有给机器加油，凯特也没有给机器加油。几天后机器坏了。凯特没有给机器加油导致机器损坏吗？
选项：
- 是的
- 不",Yes
"一个典型的人会如何回答以下有关因果关系的问题？
一家公司研发部门的代表向董事会汇报并表示：“我们正在考虑启动一个新项目。这将有助于我们增加利润，同时也有利于环境。”董事会的答复是：“我们根本不关心帮助环境。我们只想赚取尽可能多的利润。让我们开始新计划吧。”果然，该计划对环境有所帮助。董事会是否有意帮助环境？
选项：
- 是的
- 不",No
"一个典型的人会如何回答以下有关因果关系的问题？
珍妮特是一家工厂的员工。由于她在维修部门工作，她知道如何给工厂里的所有机器润滑和上油。她的责任是给机器加油。凯特也是工厂的一名员工。当她在人力资源部门工作时，她知道如何给工厂的所有机器上润滑油。如果珍妮特不给机器加油，凯特就没有责任这么做。有一天，珍妮特忘记给一台重要的机器加油。珍妮特注意到她没有在机器中加油。凯特没有注意到珍妮特没有在机器里放油，凯特也没有在机器里放油。几天后机器坏了。珍妮特没有给机器加油导致机器损坏吗？
选项：
- 是的
- 不",Yes
"一个典型的人会如何回答以下有关因果关系的问题？
珍妮特是工厂的一名员工。她在维护部门工作，负责监控所有机器的稳定性。由于她在维修部门工作，她知道如何给工厂里的所有机器润滑和上油。她的责任是给机器加油。凯特也是工厂的一名员工。她在人力资源部门工作，负责监控所有员工的工资。当她在人力资源部门工作时，她知道如何给工厂的所有机器上润滑油。如果珍妮特不给机器加油，凯特就没有责任这么做。 6 月 1 日，珍妮特忘记给机器加油。机器坏了。机器坏了是因为凯特没有给机器加油吗？
选项：
- 是的
- 不",No
"一个典型的人会如何回答以下有关因果关系的问题？
珍妮特是一家工厂的员工。由于她在维修部门工作，她知道如何给工厂里的所有机器润滑和上油。她的责任是给机器加油。凯特也是工厂的一名员工。当她在人力资源部门工作时，她知道如何给工厂的所有机器上润滑油。如果珍妮特不给机器加油，凯特就没有责任这么做。有一天，珍妮特忘记给一台重要的机器加油。凯特没有注意到珍妮特没有在机器里放油，凯特也没有在机器里放油。几天后机器坏了。凯特没有给机器加油导致机器损坏吗？
选项：
- 是的
- 不",No
"一个典型的人会如何回答以下有关因果关系的问题？
吉姆、卡罗尔、鲍勃和南希是偏远地区的研究人员，他们的电力供应有限。由于供应有限，电力只在晚上 8 点至 9 点供应，并且必须限制在某些日子里谁可以用电。如果三个人同时开灯，断路器就会失灵。如果同时开灯的人较少，断路器就不会发生故障。吉姆周四不应该使用他的灯。卡罗尔、鲍勃和南希都可能在星期四使用他们的灯。这个星期四吉姆在晚上 8 点打开灯。就在这时，卡罗尔打开了她的灯，鲍勃也打开了他的灯。由于三人同时开灯，断路器失灵。吉姆晚上 8 点开灯是否会导致断路器失灵？
选项：
- 是的
- 不",Yes
"一个典型的人会如何回答以下有关因果关系的问题？
汤姆有一个很大的花园并且喜欢花。他雇用了两名园丁：亚历克斯 (Alex) 和本尼 (Benni) 来照顾他 30 个花坛上的植物。两人都可以独立决定自己的工作时间并安排谁照顾哪些花坛。亚历克斯和本尼非常可靠，汤姆对他们的工作很满意。尽管如此，他还是希望优化植物的生长。由于汤姆在一本杂志上读到，植物受精后会长得更好，因此他决定让亚历克斯和本尼给他的植物施肥。该杂志建议使用化学品 A X200R 或 B Y33R，因为两者都特别有效。然而，汤姆还了解到，当植物接触多种不同类型的化学物质时，它可能会损害植物。因此，汤姆决定只使用一种肥料。他选择了 A X200R。汤姆指示亚历克斯和本尼购买化学品 A X200R 并仅使用这种肥料。亚历克斯自愿为本尼和他自己购买几瓶这种化学品。几周后，汤姆去他的花园散步。他意识到他的一些植物比以前更漂亮、更大了。然而，他也意识到他的一些植物已经失去了美丽的颜色并枯萎了。这让汤姆非常悲伤和反思。他想知道植物的干燥是否与施肥有关。他想调查此事并与亚历克斯和本尼交谈。亚历克斯告诉他，他按照汤姆的指示，只购买并使用了化学品 A X200R。然而，本尼告诉他，他已经使用了化学品 B Y33R。他家里还有几瓶这种化学品库存，想用完。汤姆意识到园丁施用了 A X200R 和 B Y33R 的花坛中的植物已经干枯了。本尼的施肥是否导致植物变干？
选项：
- 是的
- 不",Yes
"一个典型的人会如何回答以下有关因果关系的问题？
韦恩拥有一款新型高科技手表，可以在他锻炼时追踪他的心率。今晚他必须先给设备充电，然后再使用它。如果设备既插入电源又放在充电板上，一小时内即可充满电。下午 2:00，设备已接通电源，并且设备位于充电板上。当时，韦恩检查设备是否在充电板上，他发现确实如此。因此，他没有改变设备的位置，而是将其留在充电板上。由于无论插入电源还是放在充电板上，设备都会在一小时内充满电，因此设备会在下午 3:00 充满电。设备是否已充满电，因为韦恩没有改变设备的位置？
选项：
- 是的
- 不",Yes
"一个典型的人会如何回答以下有关因果关系的问题？
汤姆有一个很大的花园并且喜欢花。他雇用了两名园丁：亚历克斯 (Alex) 和本尼 (Benni) 来照顾他 30 个花坛上的植物。两人都可以独立决定自己的工作时间并安排谁照顾哪些花坛。亚历克斯和本尼非常可靠，汤姆对他们的工作很满意。尽管如此，他还是希望优化植物的生长。由于汤姆在一本杂志上读到，植物受精后会长得更好，因此他决定让亚历克斯和本尼给他的植物施肥。该杂志建议使用化学品 A X200R 或 B Y33R，因为两者都特别有效。然而，汤姆还了解到，当植物接触多种不同类型的化学物质时，它可能会损害植物。因此，汤姆决定只使用一种肥料。他选择了 A X200R。不久之后，当汤姆在花园里遇见亚历克斯时，他指示他购买化学品 A X200R 并仅使用这种肥料。他还明确指示他告诉本尼只使用A X200R。亚历克斯自愿为本尼和他自己购买几瓶这种化学品，并将汤姆的指示告诉本尼。几周后，汤姆去他的花园散步。他意识到他的一些植物比以前更漂亮、更大了。然而，他也意识到他的一些植物已经失去了美丽的颜色并枯萎了。这让汤姆非常悲伤和反思。他想知道植物的干燥是否与施肥有关。他想调查此事并与亚历克斯和本尼交谈。 Alex立即开始道歉：“对不起！我完全忘了告诉Benni这个规则！我购买并使用了化学物质A X200R，但Benni一定使用了其他东西，因为他不知道新规则。” Benni 告诉 Tom Alex 没有告诉他他们只能使用 A X200R。他解释说：“我用了以前用过的肥料；它叫B Y33R！”汤姆记得，早在他在杂志上读到有关化学物质的信息之前，他就已经将 B Y33R 装进了一个绿色罐子里。他从来没有用过它。因此，Benni 一定是在不知情的情况下意外地使用了化学品 B Y33R，而只有 Alex 使用了 A X200R。汤姆意识到园丁施用了 A X200R 和 B Y33R 的花坛中的植物已经干枯了。亚历克斯是否导致植物变干？
选项：
- 是的
- 不",Yes
"一个典型的人会如何回答以下有关因果关系的问题？
汤姆有一个很大的花园并且喜欢花。他雇用了两名园丁：亚历克斯 (Alex) 和本尼 (Benni) 来照顾他 30 个花坛上的植物。两人都可以独立决定自己的工作时间并安排谁照顾哪些花坛。亚历克斯和本尼非常可靠，汤姆对他们的工作很满意。尽管如此，他还是希望优化植物的生长。由于汤姆在一本杂志上读到，植物受精后会长得更好，因此他决定让亚历克斯和本尼给他的植物施肥。该杂志建议使用化学品 A X200R 或 B Y33R，因为两者都特别有效。然而，汤姆还了解到，当植物接触多种不同类型的化学物质时，它可能会损害植物。因此，汤姆决定只使用一种肥料。他选择了 A X200R。不久之后，当汤姆在花园里遇见亚历克斯时，他指示他购买化学品 A X200R 并仅使用这种肥料。他还明确指示他告诉本尼只使用A X200R。亚历克斯自愿为本尼和他自己购买几瓶这种化学品，并将汤姆的指示告诉本尼。几周后，汤姆去他的花园散步。他意识到他的一些植物比以前更漂亮、更大了。然而，他也意识到他的一些植物已经失去了美丽的颜色并枯萎了。这让汤姆非常悲伤和反思。他想知道植物的干燥是否与施肥有关。他想调查此事并与亚历克斯和本尼交谈。 Alex立即开始道歉：“对不起！我完全忘了告诉Benni这个规则！我购买并使用了化学物质A X200R，但Benni一定使用了其他东西，因为他不知道新规则。” Benni 告诉 Tom Alex 没有告诉他他们只能使用 A X200R。他解释说：“我用了以前用过的肥料；它叫B Y33R！”汤姆记得，早在他在杂志上读到有关化学物质的信息之前，他就已经将 B Y33R 装进了一个绿色罐子里。他从来没有用过它。因此，Benni 一定是在不知情的情况下意外地使用了化学品 B Y33R，而只有 Alex 使用了 A X200R。汤姆意识到园丁施用了 A X200R 和 B Y33R 的花坛中的植物已经干枯了。亚历克斯的施肥是否导致植物变干？
选项：
- 是的
- 不",No
"一个典型的人会如何回答以下有关因果关系的问题？
机器的设置方式是，如果黑线和红线同时接触电池，机器就会短路。如果其中一根电线接触到电池，机器不会短路。该机器的设计使得两根电线都可以在机器内移动。当电池在机器内移动时，黑线应该在某些时候接触电池。当电池在机器内移动时，红线永远不要接触电池。有一天，黑线和红线同时接触到电池。存在短路。是不是红线短路了？
选项：
- 是的
- 不",No
"一个典型的人会如何回答以下有关因果关系的问题？
汤姆有一个很大的花园并且喜欢花。他雇用了两名园丁：亚历克斯 (Alex) 和本尼 (Benni) 来照顾他 30 个花坛上的植物。两人都可以独立决定自己的工作时间并安排谁照顾哪些花坛。亚历克斯和本尼非常可靠，汤姆对他们的工作很满意。尽管如此，他还是希望优化植物的生长。由于汤姆在一本杂志上读到，植物受精后会长得更好，因此他决定让亚历克斯和本尼给他的植物施肥。该杂志建议使用化学品 A X200R 或 B Y33R，因为两者都特别有效。然而，汤姆还了解到，当植物接触多种不同类型的化学物质时，它可能会损害植物。因此，汤姆决定只使用一种肥料。他选择了 A X200R。不久之后，当汤姆在花园里遇见亚历克斯时，他指示他购买化学品 A X200R 并仅使用这种肥料。他还明确指示他告诉本尼只使用A X200R。亚历克斯自愿为本尼和他自己购买几瓶这种化学品，并将汤姆的指示告诉本尼。几周后，汤姆去他的花园散步。他意识到他的一些植物比以前更漂亮、更大了。然而，他也意识到他的一些植物已经失去了美丽的颜色并枯萎了。这让汤姆非常悲伤和反思。他想知道植物的干燥是否与施肥有关。他想调查此事并与亚历克斯和本尼交谈。 Alex立即开始道歉：“对不起！我完全忘了告诉Benni这个规则！我购买并使用了化学物质A X200R，但Benni一定使用了其他东西，因为他不知道新规则。” Benni 告诉 Tom Alex 没有告诉他他们只能使用 A X200R。他解释说：“我用了以前用过的肥料；它叫B Y33R！”汤姆记得，早在他在杂志上读到有关化学物质的信息之前，他就已经将 B Y33R 装进了一个绿色罐子里。他从来没有用过它。因此，Benni 一定是在不知情的情况下意外地使用了化学品 B Y33R，而只有 Alex 使用了 A X200R。汤姆意识到园丁施用了 A X200R 和 B Y33R 的花坛中的植物已经干枯了。本尼的施肥是否导致植物变干？
选项：
- 是的
- 不",Yes
"一个典型的人会如何回答以下有关因果关系的问题？
比利和苏西是货运列车售票员。有一天，他们碰巧同时从相反的方向接近一座古老的双向铁路桥。桥的两边都有信号灯。比利的信号灯是绿色的，所以他应该立即开车过桥。苏西的信号灯是绿色的，所以她也应该立即开车过去。他们都没有意识到这座桥正处于倒塌的边缘。如果他们同时把火车开到桥上，桥就会倒塌。两列火车本身的重量都不足以打破这座桥，但两列火车加在一起就太重了。比利遵循他的信号，立即将他的火车开上桥，同时苏西也遵循她的信号，将她的火车开上桥。两列火车同时驶上桥，就在那一刻桥崩塌了。桥梁垮塌是比利造成的吗？
选项：
- 是的
- 不",No
"一个典型的人会如何回答以下有关因果关系的问题？
比利和苏西在同一家公司工作。他们在不同的房间工作，有时都需要访问公司的中央计算机。公司里没有人意识到，如果两个人同时登录中央计算机，一些包含重要客户信息的垃圾邮件会立即从中央计算机中删除。为了确保在指定的通话时间内有两个人可以接听电话，公司发布了以下官方政策：Billy和Suzy都可以在早上登录中心计算机，并且任何人都不允许下午登录中央计算机。今天上午 9 点，Billy 和 Suzy 同时登录中央计算机。一些包含重要客户信息的工作电子邮件立即从中央计算机中删除。苏西是否导致中央计算机删除了一些包含重要客户信息的工作电子邮件？
选项：
- 是的
- 不",Yes
"一个典型的人会如何回答以下有关因果关系的问题？
一只熊和一只刺猬看到一个装满彩色铅笔的盒子。只有熊可以拿铅笔，而刺猬则不能拿铅笔。当有关铅笔使用的新规则宣布时，刺猬也在场。因此，刺猬知道了新规范。两只动物交替从盒子里取出铅笔六次。最后，刺猬和熊来到盒子前，同时拿走了一支铅笔。不久之后，另一只动物，一只北极熊，走近盒子寻找一支铅笔来做作业。然而，盒子里没有留下铅笔。北极熊无法完成他的作业。问题是刺猬造成的吗？
选项：
- 是的
- 不",No
"一个典型的人会如何回答以下有关因果关系的问题？
汤姆有一个很大的花园并且喜欢花。他雇用了两名园丁：亚历克斯 (Alex) 和本尼 (Benni) 来照顾他 30 个花坛上的植物。两人都可以独立决定自己的工作时间并安排谁照顾哪些花坛。亚历克斯和本尼非常可靠，汤姆对他们的工作很满意。尽管如此，他还是希望优化植物的生长。由于汤姆在一本杂志上读到，植物受精后会长得更好，因此他决定让亚历克斯和本尼给他的植物施肥。该杂志建议使用化学品 A X200R 或 B Y33R，因为两者都特别有效。然而，汤姆还了解到，当植物接触多种不同类型的化学物质时，它可能会损害植物。因此，汤姆决定只使用一种肥料。他选择了 A X200R。汤姆指示亚历克斯和本尼购买化学品 A X200R 并仅使用这种肥料。亚历克斯自愿为本尼和他自己购买几瓶这种化学品。几周后，汤姆去他的花园散步。他意识到他的一些植物比以前更漂亮、更大了。然而，他也意识到他的一些植物已经失去了美丽的颜色并枯萎了。这让汤姆非常悲伤和反思。他想知道植物的干燥是否与施肥有关。他想调查此事并与亚历克斯和本尼交谈。亚历克斯告诉他，他按照汤姆的指示，只购买并使用了化学品 A X200R。然而，本尼告诉他，他已经使用了化学品 B Y33R。他家里还有几瓶这种化学品库存，想用完。汤姆意识到园丁施用了 A X200R 和 B Y33R 的花坛中的植物已经干枯了。亚历克斯的施肥是否导致植物变干？
选项：
- 是的
- 不",No
"一个典型的人会如何回答以下有关因果关系的问题？
Laurie喜欢GC品牌的咖啡。 GC 正在为其新咖啡口味进行新的促销活动，顾客可以获得免费样品。如果客户之前从 GC 购买过咖啡豆或者订阅了 GC 电子邮件列表，他们将收到免费样品。 Laurie 之前曾从 GC 购买过咖啡豆，但她没有订阅 GC 电子邮件列表。当劳里听到促销消息时，她检查了自己是否订阅了电子邮件列表，结果发现自己没有订阅。因此，她更改了订阅状态，并订阅了电子邮件列表。由于如果客户之前从 GC 购买过咖啡豆或者订阅了 GC 电子邮件列表，他们将收到免费样品，因此 Laurie 会收到免费样品。 Laurie 是否因为更改了订阅状态而收到了免费样品？
选项：
- 是的
- 不",No
"一个典型的人会如何回答以下有关因果关系的问题？
一个名叫乔的人正在玩赌场游戏，他把手伸进两个盒子里，然后盲目地从每个盒子里抽出一个球。当且仅当他从左边的盒子里得到一个绿色的球，从右边的盒子里得到一个蓝色的球时，他才能赢得一美元。他不太可能从第一个盒子里得到绿球。他很有可能在第二个盒子里得到一个蓝色的球。乔闭上眼睛，伸手进去，从第一个盒子里选择一个绿色的球，从第二个盒子里选择一个蓝色的球。所以乔赢了一美元。乔的第一选择使他赢得了一美元吗？
选项：
- 是的
- 不",Yes
"一个典型的人会如何回答以下有关因果关系的问题？
德鲁、凯莉、奥利弗和珍是当地一家小咖啡店的常客。考虑到咖啡的售价和日常运营成本，如果有人在某一天点咖啡，咖啡店就会盈利。当天只需要一个人点咖啡，咖啡店就能盈利。凯莉、奥利弗和珍通常都会在周二点咖啡。然而，德鲁通常不会在周二点咖啡。这个星期二，德鲁出乎意料地点了咖啡。当天，凯莉点了咖啡，奥利弗点了咖啡，珍也点了咖啡。由于周二至少有一人点了咖啡，咖啡店当天就盈利了。德鲁周二点咖啡是否导致咖啡店当天盈利？
选项：
- 是的
- 不",No
"一个典型的人会如何回答以下有关因果关系的问题？
乔正要去郊区的一所学校接他的孩子。在停车场，他停下来和朋友聊天。由于迟迟没有接儿子，乔的邻居等了15分钟乔才出现，用自己的车把孩子带回家。在回家的路上，邻居的车被醉酒司机撞了。乔的儿子是唯一受重伤的受害者，腿部严重受伤。乔的行为源于他的健谈。他是那种随时都喜欢与任何人交谈的人。有时，他的朋友们也会为这种看似多嘴的行为而烦恼，甚至偶尔会抱怨一下。但是，当他们进一步了解乔之后，他们意识到乔的健谈是他性格的一个基本特征。所以，这件事，即使他再怎么努力，也是无能为力的。醉酒司机是否伤害了乔的儿子？
选项：
- 是的
- 不",Yes
"一个典型的人会如何回答以下有关因果关系的问题？
乔治和他的妹妹莉娜在父母家重聚过感恩节。乔治刚刚进入医学院，而莉娜对婚姻并不幸福，最近还失业了。一整天，乔治和莉娜发生了多次激烈争吵。下午晚些时候，他们玩飞镖游戏。前两场比赛双方平分秋色，第三场比赛一直胶着到最后。谁能获胜取决于乔治的最后一投。如果他击中高点区域，他就获胜；如果他击中低点区域，则莉娜获胜。乔治并不关心莉娜正在经历的困难；他不在乎。他真的很想打败她。乔治几乎无法控制自己的投篮。他试图瞄准飞镖盘的高点区域。然而，当他准备投篮时，他失去了平衡。飞镖从他手中滑落，摇摇晃晃地朝靶子飞去。飞镖落在高点区域。乔治取得胜利，莉娜则悲伤不已。乔治是故意冲击高点区域的吗？
选项：
- 是的
- 不",No
"一个典型的人会如何回答以下有关因果关系的问题？
比尔的妻子苏周末不在城里。她给比尔留言说：“我刚刚看到了这个奇妙的书立。”它被称为巴特利特书立。好漂亮！我明天就回去拿一个。它非常适合我们书架的左侧。”比尔去看望他的朋友。比尔和他的朋友聊了一会儿，当比尔问他的朋友是否愿意卖掉书挡时，他的朋友很乐意卖掉它。比尔提出了要约，但他的朋友坚持要求他不要付那么多钱。最后，比尔从他的朋友那里买了右边的巴特利特书挡，然后回家了。第二天，苏去买了左边的巴特利特书立。所以，当苏回到家时，他们有了成对的书立。比尔让他们拥有了成对的书立吗？
选项：
- 是的
- 不",Yes
"一个典型的人会如何回答以下有关因果关系的问题？
很久以前，约翰只有 17 岁，他在一家大型制造公司找到了一份工作。他一开始在一条装配线上工作，领取最低工资，但在公司工作几年后，他可以在两个生产线经理职位之间进行选择。他可以留在他目前工作的木工部门。或者他可以调到塑料部门。约翰不确定该做什么，因为他喜欢在木制品部门工作，但他也认为尝试不同的东西可能值得。他最终决定转到塑料部门并尝试一些新的东西。过去 30 年来，John 一直在塑料部门担任生产线主管。第一年后，塑料部门搬到了另一座拥有更多空间的大楼。不幸的是，约翰在那里工作了很多年，接触到了石棉这种高度致癌的物质。大部分塑料部门都相当安全，但约翰工作的一小部分却接触到了石棉纤维。现在，尽管约翰一生中从未吸过烟，并且过着健康的生活方式，但他在 50 岁时却患有高度进展且无法治愈的肺癌。约翰看过三位癌症专家，他们都确诊了最严重的情况：除了疼痛之外，约翰的癌症无法治愈，而且他绝对肯定很快就会死于此病（医生估计不会超过两个月）。昨天，当约翰在医院进行例行医疗预约时，一名新护士不小心给他服用了错误的药物。约翰对该药物过敏，他立即休克并出现心脏骤停（心脏病发作）。医生试图让他苏醒，但他在服药几分钟后就去世了。长期接触石棉是否导致约翰过早死亡？
选项：
- 是的
- 不",Yes
"一个典型的人会如何回答以下有关因果关系的问题？
Laurie喜欢GC品牌的咖啡。 GC 正在为其新咖啡口味进行新的促销活动，顾客可以获得免费样品。如果客户之前从 GC 购买过咖啡豆或者订阅了 GC 电子邮件列表，他们将收到免费样品。 Laurie 之前曾从 GC 购买过咖啡豆，并且她订阅了 GC 电子邮件列表。当劳里得知促销消息时，她检查了自己是否订阅了电子邮件列表，结果发现确实如此。因此，她不会更改她的订阅状态，并且仍然订阅电子邮件列表。由于如果客户之前从 GC 购买过咖啡豆或者订阅了 GC 电子邮件列表，他们将收到免费样品，因此 Laurie 会收到免费样品。 Laurie 是否因为没有更改订阅状态而收到了免费样品？
选项：
- 是的
- 不",Yes
"一个典型的人会如何回答以下有关因果关系的问题？
史密斯教授在一所大型大学工作。在这所大学，为了从学校获得新计算机，像史密斯教授这样的教员必须向两个行政委员会提出申请，即信息技术委员会和系预算委员会。如果IT委员会批准她的申请或部门预算委员会批准她的申请，史密斯教授将能够获得她的新计算机。只需其中一个委员会批准她的申请即可获得新计算机。 IT 委员会几乎总是批准这些申请。部门预算委员会几乎从不批准这些申请。预算委员会因拒绝几乎所有收到的申请而臭名昭著。史密斯教授提交了她的申请。每个委员会独立开会，他们在不相互交谈的情况下做出决定，但他们的会议安排在完全相同的时间。 IT 委员会批准了她的申请，令人惊讶的是，部门预算委员会也批准了她的申请。于是，史密斯教授得到了她的新电脑。部门预算委员会是否会批准史密斯教授的申请？
选项：
- 是的
- 不",No
"一个典型的人会如何回答以下有关因果关系的问题？
汤姆有一个很大的花园并且喜欢花。他雇用了两名园丁：亚历克斯 (Alex) 和本尼 (Benni) 来照顾他 30 个花坛上的植物。两人都可以独立决定自己的工作时间并安排谁照顾哪些花坛。亚历克斯和本尼非常可靠，汤姆对他们的工作很满意。尽管如此，他还是希望优化植物的生长。由于汤姆在一本杂志上读到，植物受精后会长得更好，因此他决定让亚历克斯和本尼给他的植物施肥。该杂志建议使用化学品 A X200R 或 B Y33R，因为两者都特别有效。然而，汤姆还了解到，当植物接触多种不同类型的化学物质时，它可能会损害植物。因此，汤姆决定只使用一种肥料。他选择了 A X200R。汤姆指示亚历克斯和本尼购买化学品 A X200R 并仅使用这种肥料。亚历克斯自愿为本尼和他自己购买几瓶这种化学品。几周后，汤姆去他的花园散步。他意识到他的一些植物比以前更漂亮、更大了。然而，他也意识到他的一些植物已经失去了美丽的颜色并枯萎了。这让汤姆非常悲伤和反思。他想知道植物的干燥是否与施肥有关。他想调查此事并与亚历克斯和本尼交谈。亚历克斯告诉他，他按照汤姆的指示，只购买并使用了化学品 A X200R。然而，本尼告诉他，他已经使用了化学品 B Y33R。他家里还有几瓶这种化学品库存，想用完。汤姆意识到园丁施用了 A X200R 和 B Y33R 的花坛中的植物已经干枯了。亚历克斯是否导致植物变干？
选项：
- 是的
- 不",No
"一个典型的人会如何回答以下有关因果关系的问题？
有一个人通过将水抽入蓄水池来补充附近房屋的饮用水供应而获得报酬。对于房子里的居民来说不幸的是，该男子今天泵入水箱的水已被致命的毒物系统性污染，其影响在无法治愈之前是难以察觉的。尽管抽水的人与水中毒无关，但他知道水已经中毒了。尽管如此，该男子仍将水抽入蓄水池，因为他知道水会毒害并杀死居民。但是，他根本不关心居民，他只是想做好自己的工作并获得报酬。该男子是否故意毒害居民？
选项：
- 是的
- 不",Yes
"一个典型的人会如何回答以下有关因果关系的问题？
机器的设置方式是，如果黑线和红线同时接触电池，机器就会短路。如果其中一根电线接触到电池，机器不会短路。黑线被指定为应该接触电池的那根线，而红线应该保留在机器的其他部分。有一天，黑线和红线最终同时接触到电池。存在短路。难道黑线接触到电池导致机器短路？
选项：
- 是的
- 不",No
"一个典型的人会如何回答以下有关因果关系的问题？
珍妮特是一家工厂的员工。由于她在维修部门工作，她知道如何给工厂里的所有机器润滑和上油。她的责任是给机器加油。凯特也是工厂的一名员工。当她在人力资源部门工作时，她知道如何给工厂的所有机器上润滑油。如果珍妮特不给机器加油，凯特就没有责任这么做。有一天，珍妮特忘记给一台重要的机器加油。凯特没有注意到珍妮特没有在机器里放油，凯特也没有在机器里放油。几天后机器坏了。珍妮特没有给机器加油导致机器损坏吗？
选项：
- 是的
- 不",Yes
"一个典型的人会如何回答以下有关因果关系的问题？
汤姆有一个很大的花园并且喜欢花。他雇用了两名园丁：亚历克斯 (Alex) 和本尼 (Benni) 来照顾他 30 个花坛上的植物。两人都可以独立决定自己的工作时间并安排谁照顾哪些花坛。亚历克斯和本尼非常可靠，汤姆对他们的工作很满意。尽管如此，他还是希望优化植物的生长。由于汤姆在一本杂志上读到，植物受精后会长得更好，因此他决定让亚历克斯和本尼给他的植物施肥。该杂志建议使用化学品 A X200R 或 B Y33R，因为两者都特别有效。然而，汤姆还了解到，当植物接触多种不同类型的化学物质时，它可能会损害植物。因此，汤姆决定只使用一种肥料。他选择了 A X200R。不久之后，当汤姆在花园里遇见亚历克斯时，他指示他购买化学品 A X200R 并仅使用这种肥料。他还明确指示他告诉本尼只使用A X200R。亚历克斯自愿为本尼和他自己购买几瓶这种化学品，并将汤姆的指示告诉本尼。几周后，汤姆去他的花园散步。他意识到他的一些植物比以前更漂亮、更大了。然而，他也意识到他的一些植物已经失去了美丽的颜色并枯萎了。这让汤姆非常悲伤和反思。他想知道植物的干燥是否与施肥有关。他想调查此事并与亚历克斯和本尼交谈。 Alex立即开始道歉：“对不起！我完全忘了告诉Benni这个规则！我购买并使用了化学物质A X200R，但Benni一定使用了其他东西，因为他不知道新规则。” Benni 告诉 Tom Alex 没有告诉他他们只能使用 A X200R。他解释说：“我用了以前用过的肥料；它叫B Y33R！”汤姆记得，早在他在杂志上读到有关化学物质的信息之前，他就已经将 B Y33R 装进了一个绿色罐子里。他从来没有用过它。因此，Benni 一定是在不知情的情况下意外地使用了化学品 B Y33R，而只有 Alex 使用了 A X200R。汤姆意识到园丁施用了 A X200R 和 B Y33R 的花坛中的植物已经干枯了。是本尼导致植物变干吗？
选项：
- 是的
- 不",No
"一个典型的人会如何回答以下有关因果关系的问题？
路易正在打篮球，他和在场边观看的朋友们打赌。如果路易在比赛中上篮或投中三分球，那么他将赢得 100 美元。比赛刚刚开始，路易立刻在三分线处得球。比赛一开始，他就看向篮筐，集中投篮，投进了一个三分球。路易和他的朋友们继续玩，但无论路易如何努力，都无法再投篮。然后就在比赛即将结束时，随着时间的流逝，路易在三分线处拿到了球。他看着篮筐，运球进去，然后在压哨时刻上篮得分。然后比赛结束了。因为如果路易上篮或投中三分球，他将赢得 100 美元，所以路易赢得了 100 美元。路易因为上篮而赢得了 100 美元的赌注吗？
选项：
- 是的
- 不",No
"一个典型的人会如何回答以下有关因果关系的问题？
马克想要引爆炸弹来杀死一些无辜的人。他知道只有一个按钮可以引爆炸弹，其他按钮可以使炸弹失效。他认为右侧按钮上有缩写“R.E.D.”。在上面。但他太急了，而是按下了红色按钮。碰巧，红色按钮就是引爆炸弹的按钮。马克引爆了炸弹并杀死了一些无辜者。马克故意杀了一些人吗？
选项：
- 是的
- 不",Yes
"一个典型的人会如何回答以下有关因果关系的问题？
在一栋特定的建筑中，有两家企业：一家旅行社和一家平面设计工作室。该建筑的气候控制系统是一种新设计，通过跟踪建筑内的人数来节省能源，并且只有在足够多的人进入建筑时才打开。只有当旅行社的工作人员和设计工作室的工作人员到达工作地点时，气候控制系统才会打开。两个办公室都没有足够的员工来自行打开气候控制系统。旅行社的员工几乎都是早上8点45分到达，而设计工作室的员工几乎都是上午10点到达。今天上午8点45分，旅行社工作人员到达。没想到，设计工作室的员工也于上午8点45分赶到了截止日期。因此，今天，气候控制系统在上午 8:45 开启。设计工作室代理是否导致气候控制系统在上午 8:45 开启？
选项：
- 是的
- 不",Yes
"一个典型的人会如何回答以下有关因果关系的问题？
住在宿舍同一层的一群学生拿到了生物课期末考试的副本。学生们在考试中没有作弊。一名名叫约翰·格兰杰的学生也跟着这群人一起去。格兰杰遵守当地规范，不会在考试中作弊。生物班有 80 名学生，按曲线评分，20 人获得 A 级，20 人获得 B 级，20 人获得 C 级，20 人获得 D 级。同层宿舍拿到了一份生物课的期末考试卷。格兰杰的成绩在班上排名第 20，这意味着他是最后一个获得 A 成绩的学生。第 21 名学生是一名医学预科学生，获得了 B，因此错过了 GPA 分数线。需要以 0.07 GPA 分进入她希望的医学院。格兰杰是否导致该学生未能达到医学院的录取分数线？
选项：
- 是的
- 不",Yes
"一个典型的人会如何回答以下有关因果关系的问题？
珍妮特是一家工厂的员工。由于她在维修部门工作，她知道如何给工厂里的所有机器润滑和上油。她的责任是给机器加油。凯特也是工厂的一名员工。当她在人力资源部门工作时，她知道如何给工厂的所有机器上润滑油。如果珍妮特不给机器加油，凯特就没有责任这么做。有一天，珍妮特忘记给一台重要的机器加油。凯特注意到珍妮特没有给机器加油，凯特也没有给机器加油。几天后机器坏了。珍妮特没有给机器加油导致机器损坏吗？
选项：
- 是的
- 不",Yes
"一个典型的人会如何回答以下有关因果关系的问题？
德鲁、凯莉、奥利弗和珍是当地一家小咖啡店的常客。考虑到咖啡的售价和日常运营成本，如果有人在某一天点咖啡，咖啡店就会盈利。当天只需要一个人点咖啡，咖啡店就能盈利。德鲁、凯莉、奥利弗和珍通常在周二点咖啡。这个星期二，像往常一样，德鲁点了咖啡。当天，凯莉点了咖啡，奥利弗点了咖啡，珍也点了咖啡。由于周二至少有一人点了咖啡，咖啡店当天就盈利了。德鲁周二点咖啡是否导致咖啡店当天盈利？
选项：
- 是的
- 不",Yes
"一个典型的人会如何回答以下有关因果关系的问题？
汤姆在一家拆除公司工作，今天他正在通过内爆拆除一栋建筑物。如果安全开关关闭且旋钮 A 打开，建筑物将在下午 5:00 自动内爆。下午 4:00，安全开关关闭，旋钮 A 关闭。此时，Tom 检查旋钮 A 是否打开，结果发现它已关闭。因此，他将旋钮 A 的位置更改为打开位置。由于如果安全开关关闭且旋钮 A 打开，建筑物就会内爆，因此建筑物会在下午 5:00 内爆。建筑物是否因汤姆改变了旋钮 A 的位置而发生内爆？
选项：
- 是的
- 不",Yes
"一个典型的人会如何回答以下有关因果关系的问题？
一只熊和一只刺猬看到一个装满彩色铅笔的盒子。只有熊可以拿铅笔，而刺猬则不能拿铅笔。当关于铅笔使用的新规则宣布时，刺猬缺席了。因此，刺猬并不知道新规范。两只动物交替从盒子里取出铅笔六次。最后，刺猬和熊来到盒子前，同时拿走了一支铅笔。不久之后，另一只动物，一只北极熊，走近盒子寻找一支铅笔来做作业。然而，盒子里没有留下铅笔。北极熊无法完成他的作业。问题是刺猬造成的吗？
选项：
- 是的
- 不",No
"一个典型的人会如何回答以下有关因果关系的问题？
在一栋特定的建筑中，有两家企业：一家旅行社和一家平面设计工作室。该建筑的气候控制系统是一种新设计，通过跟踪建筑内的人数来节省能源，并且只有在足够多的人进入建筑时才打开。当旅行社的工作人员或设计工作室的工作人员到达工作地点时，气候控制系统就会打开。每个办公室都有足够的员工自行打开气候控制系统。旅行社的员工几乎都是早上8点45分到达，而设计工作室的员工几乎都是上午10点到达。今天上午8点45分，旅行社工作人员到达。没想到，设计工作室的员工也于上午8点45分赶到了截止日期。因此，今天，气候控制系统在上午 8:45 开启。设计工作室代理是否导致气候控制系统在上午 8:45 开启？
选项：
- 是的
- 不",No
"一个典型的人会如何回答以下有关因果关系的问题？
乔治和他的妹妹莉娜在父母家重聚过感恩节。乔治刚刚进入医学院，而莉娜对婚姻并不幸福，最近还失业了。一整天，乔治和莉娜发生了多次激烈争吵。下午晚些时候，他们玩飞镖游戏。前两场比赛双方平分秋色，第三场比赛一直胶着到最后。谁能获胜取决于乔治的最后一投。如果他击中高点区域，他就获胜；如果他击中低点区域，则莉娜获胜。乔治并不关心莉娜正在经历的困难；他不在乎。他真的很想打败她。他将飞镖瞄准高点区域。他准备好投篮，飞镖落在高点区域。乔治取得胜利，莉娜则悲伤不已。乔治是故意冲击高点区域的吗？
选项：
- 是的
- 不",Yes
"一个典型的人会如何回答以下有关因果关系的问题？
吉姆、卡罗尔、鲍勃和南希是偏远地区的研究人员，他们的电力供应有限。由于供应有限，电力只在晚上 8 点至 9 点供应，并且必须限制在某些日子里谁可以用电。如果四个人同时开灯，断路器就会失灵。如果同时开灯的人较少，断路器就不会发生故障。吉姆、卡罗尔、鲍勃和南希都可以在星期四使用他们的灯。这个星期四吉姆在晚上 8 点打开灯。就在这时，卡罗尔打开了她的灯，鲍勃也打开了他的灯，南希也打开了她的灯。由于四人同时开灯，断路器失灵。吉姆晚上 8 点开灯是否会导致断路器失灵？
选项：
- 是的
- 不",No
"一个典型的人会如何回答以下有关因果关系的问题？
汤姆在一家拆除公司工作，今天他正在通过内爆拆除一栋建筑物。如果安全开关关闭或旋钮 A 打开，建筑物将在下午 5:00 自动内爆。下午 4:00，安全开关关闭，旋钮 A 打开。这时，汤姆检查旋钮 A 是否打开，他发现它打开了。所以，他根本没有改变旋钮A的位置。由于如果安全开关关闭或旋钮 A 打开，建筑物就会内爆，因此建筑物会在下午 5:00 内爆。建筑物爆炸是因为汤姆没有改变旋钮 A 的位置吗？
选项：
- 是的
- 不",Yes
"一个典型的人会如何回答以下有关因果关系的问题？
想象一下，有一个人在树林里参加狩猎比赛。在花了几个小时等待鹿经过他的道路后，猎人突然看到了他见过的最大的鹿。如果他能杀死这只鹿，他就一定会赢得比赛。因此，猎人将鹿纳入了他的视线，但在最后一刻，他注意到附近的树上栖息着一只美丽的鹰。猎人意识到，如果他射杀鹿，枪声一定会导致老鹰飞走。但他根本不在乎老鹰——他只想赢得比赛。于是，他射杀了鹿。果然，枪声一响，老鹰就飞走了。那人是故意让老鹰飞走的吗？
选项：
- 是的
- 不",No
"一个典型的人会如何回答以下有关因果关系的问题？
一家公司研发部门的代表向董事会汇报并表示：“我们正在考虑启动一个新项目。这将有助于我们增加利润，同时也有利于环境。”由于各种原因，董事会的每个成员都亲自反对该计划并试图阻止其实施。尽管如此，公司和股东的利益占上风，董事会决定实施新计划。果然，该计划对环境有所帮助。董事会是否有意帮助环境？
选项：
- 是的
- 不",No
"一个典型的人会如何回答以下有关因果关系的问题？
一名狙击手奉命杀死一名敌方指挥官。所以，在自己就位之后，他终于看到了敌方指挥官。然而，在扣动扳机之前，狙击手意识到枪声肯定会提醒其他敌方士兵他的存在。但狙击手根本不在乎这些——他只想射击他的目标。于是，他扣动了扳机——从而射杀了指挥官。而且，正如他所预料的那样，敌方士兵注意到了他的存在。狙击手是否故意提醒敌人他的存在？
选项：
- 是的
- 不",Yes
"一个典型的人会如何回答以下有关因果关系的问题？
比利和苏西是货运列车售票员。有一天，他们碰巧同时从相反的方向接近一座古老的双向铁路桥。桥的两边都有信号灯。比利的信号灯是绿色的，所以他应该立即开车过桥。苏西的信号灯是绿色的，所以她也应该立即开车过去。他们都没有意识到这座桥正处于倒塌的边缘。如果他们中的任何一个将火车开上桥，桥就会倒塌。这两列火车本身的重量都足以压垮这座桥。比利遵循他的信号，立即将他的火车开上桥，同时苏西也遵循她的信号，将她的火车开上桥。两列火车同时驶上桥，就在那一刻桥崩塌了。桥梁垮塌是比利造成的吗？
选项：
- 是的
- 不",Yes
"一个典型的人会如何回答以下有关因果关系的问题？
克莱尔的父母给她买了一台旧电脑。克莱尔用它来做作业，但她的哥哥丹尼尔有时会登录玩游戏。克莱尔告诉丹尼尔，“请不要登录我的电脑。如果我们同时登录，它会崩溃”。有一天，克莱尔和丹尼尔同时登录了电脑。电脑死机了。那天晚些时候，克莱尔的母亲正在与电脑修理工交谈。修理工说：“我看到丹尼尔已经登录了，但是只有两个人同时登录，这台计算机才会崩溃。所以，我仍然不明白计算机崩溃的原因。”电脑崩溃是克莱尔造成的吗？
选项：
- 是的
- 不",No
"一个典型的人会如何回答以下有关因果关系的问题？
托德、安妮、杰森和斯蒂芬都共享一个流行的在线电视流媒体服务的帐户。除了在电视上保持该帐户持续登录之外，他们还在笔记本电脑上使用相同的帐户。由于该流媒体服务的提供商希望增加活跃帐户数量以增加利润，因此他们已经开始同时监控使用单个帐户的设备数量。鉴于该帐户始终在电视上登录，如果三个人同时从笔记本电脑登录该帐户，流媒体服务将暂停他们的帐户。托德、安妮和杰森经常在周六通过笔记本电脑使用他们的帐户。这个星期六，托德像往常一样从笔记本电脑登录他们的帐户看电视。就在这时，安妮也用笔记本电脑登录了他们的账户，杰森也用笔记本电脑登录了他们的账户看电视。果然，由于三人同时登录直播账号，直播账号被暂停。托德从笔记本电脑登录流媒体帐户是否导致该帐户被暂停？
选项：
- 是的
- 不",No
"一个典型的人会如何回答以下有关因果关系的问题？
比利和苏西在同一家公司工作。他们在不同的房间工作，有时都需要访问公司的中央计算机。公司里没有人知道，如果两个人同时登录中央计算机，一些包含危险病毒的垃圾邮件会立即从中央计算机中删除。为了确保始终有一个人可以接听来电，公司发布了以下官方政策：Suzy 是唯一允许在早上登录中央计算机的人，而 Billy 是唯一允许登录的人下午进入中央计算机。早上不允许比利登录中央计算机。今天上午 9 点，Billy 和 Suzy 同时登录中央计算机。一些包含危险病毒的工作电子邮件立即从中央计算机中删除。苏西是否导致中央计算机删除了一些含有危险病毒的工作电子邮件？
选项：
- 是的
- 不",No
"一个典型的人会如何回答以下有关因果关系的问题？
一只熊和一只刺猬看到一个装满彩色铅笔的盒子。只有熊可以拿铅笔，而刺猬则不能拿铅笔。当关于铅笔使用的新规则宣布时，刺猬缺席了。因此，刺猬并不知道新规范。两只动物交替从盒子里取出铅笔六次。最后，刺猬和熊来到盒子前，同时拿走了一支铅笔。不久之后，另一只动物，一只北极熊，走近盒子寻找一支铅笔来做作业。然而，盒子里没有留下铅笔。北极熊无法完成他的作业。问题是刺猬造成的吗？
选项：
- 是的
- 不",Yes
"一个典型的人会如何回答以下有关因果关系的问题？
珍再次看到一些小狗在她的车道旁边玩耍，她想杀死它们。她决定去五金店买一些她认为对小狗有效的老鼠药。当她把车开出车库时，车轮在她手中打滑，她把车开到了车道边。所有的小狗都被压死在车下。小狗被消灭后，Jen 就不需要去五金店了。 Jen是故意杀死小狗的吗？
选项：
- 是的
- 不",No
"一个典型的人会如何回答以下有关因果关系的问题？
一名中尉正在与一名中士交谈。中尉下达了命令：“派你的小队到汤普森山顶上。”中士说：“如果我派我的小队到汤普森山顶，我们就能把这些人带出敌人的火线。”他们会获救的！中尉回答说：“看，我知道我们会把他们带出火线，而且我知道否则他们中的一些人就会被杀。”但我根本不关心我们的士兵发生什么事。我所关心的只是控制汤普森山。”小队被派往汤普森山顶。果然，士兵们被带出了敌人的火线，从而逃过了阵亡。中尉是故意把士兵带出火线吗？
选项：
- 是的
- 不",No
"一个典型的人会如何回答以下有关因果关系的问题？
汤姆有一个很大的花园并且喜欢花。他雇用了两名园丁：亚历克斯 (Alex) 和本尼 (Benni) 来照顾他 30 个花坛上的植物。两人都可以独立决定自己的工作时间并安排谁照顾哪些花坛。亚历克斯和本尼非常可靠，汤姆对他们的工作很满意。尽管如此，他还是希望优化植物的生长。由于汤姆在一本杂志上读到，植物受精后会长得更好，因此他决定让亚历克斯和本尼给他的植物施肥。该杂志建议使用化学品 A X200R 或 B Y33R，因为两者都特别有效。然而，汤姆还了解到，当植物接触多种不同类型的化学物质时，它可能会损害植物。因此，汤姆决定只使用一种肥料。他选择了 A X200R。不久之后，当汤姆在花园里遇见亚历克斯时，他指示他购买化学品 A X200R 并仅使用这种肥料。他还明确指示他告诉本尼只使用A X200R。亚历克斯自愿为本尼和他自己购买几瓶这种化学品，并将汤姆的指示告诉本尼。几周后，汤姆去他的花园散步。他意识到他的一些植物比以前更漂亮、更大了。然而，他也意识到他的一些植物已经失去了美丽的颜色并枯萎了。这让汤姆非常悲伤和反思。他想知道植物的干燥是否与施肥有关。他想调查此事并与亚历克斯和本尼交谈。经过一番审讯，亚历克斯最终承认，他曾告诉本尼，汤姆希望他们购买并使用化学品 B Y33R，而不是 A X200R。他希望本尼使用错误的肥料并被解雇，因为他想有更多的工作时间来赚更多的钱。他自己只用过A X200R。本尼告诉汤姆，亚历克斯告诉他他们只能使用 B Y33R。因此，他只使用了 B Y33R，而不知道 Tom 实际上想让两个园丁都使用 A X200R。汤姆意识到园丁施用了 A X200R 和 B Y33R 的花坛中的植物已经干枯了。是本尼导致植物变干吗？
选项：
- 是的
- 不",No
"一个典型的人会如何回答以下有关因果关系的问题？
很久以前，约翰只有 17 岁，他在一家大型制造公司找到了一份工作。他一开始在一条装配线上工作，领取最低工资，但在公司工作几年后，他可以在两个生产线经理职位之间进行选择。他可以留在他目前工作的木工部门。或者他可以调到塑料部门。约翰不确定该做什么，因为他喜欢在木制品部门工作，但他也认为尝试不同的东西可能值得。他最终决定转到塑料部门并尝试一些新的东西。过去 30 年来，John 一直在塑料部门担任生产线主管。第一年后，塑料部门搬到了另一座拥有更多空间的大楼。不幸的是，约翰在那里工作了很多年，接触到了石棉这种高度致癌的物质。大部分塑料部门都相当安全，但约翰工作的一小部分却接触到了石棉纤维。现在，尽管约翰一生中从未吸过烟，并且过着健康的生活方式，但他在 50 岁时却患有高度进展且无法治愈的肺癌。约翰看过三位癌症专家，他们都确诊了最严重的情况：除了疼痛之外，约翰的癌症无法治愈，而且他绝对肯定很快就会死于此病（医生估计不会超过两个月）。昨天，当约翰在医院进行例行医疗预约时，一名新护士不小心给他服用了错误的药物。约翰对该药物过敏，他立即休克并出现心脏骤停（心脏病发作）。医生试图让他苏醒，但他在服药几分钟后就去世了。癌症导致约翰过早死亡吗？
选项：
- 是的
- 不",Yes
"一个典型的人会如何回答以下有关因果关系的问题？
托德、安妮、杰森和斯蒂芬都共享一个流行的在线电视流媒体服务的帐户。除了在电视上保持该帐户持续登录之外，他们还在笔记本电脑上使用相同的帐户。由于该流媒体服务的提供商希望增加活跃帐户数量以增加利润，因此他们已经开始同时监控使用单个帐户的设备数量。鉴于该帐户始终在电视上登录，如果三个人同时从笔记本电脑登录该帐户，流媒体服务将暂停他们的帐户。安妮经常在周六通过她的笔记本电脑使用他们的帐户。然而，托德通常周末根本不看电视。这个星期六，托德出乎意料地从他的笔记本电脑上登录了他们的帐户来看电视。就在这时，安妮也用笔记本电脑登录了他们的账户，杰森也用笔记本电脑登录了他们的账户看电视。果然，由于三人同时登录直播账号，直播账号被暂停。托德从笔记本电脑登录流媒体帐户是否导致该帐户被暂停？
选项：
- 是的
- 不",Yes
"一个典型的人会如何回答以下有关因果关系的问题？
一名中尉正在与一名中士交谈。中尉下达了命令：“派你的小队到汤普森山顶上。”中士说：“但是如果我把我的小队派到汤普森山顶，我们就会把这些人直接转移到敌人的火线中。”他们中的一些人肯定会被杀死！中尉回答道：“看，我知道他们会处于火线之中，而且我知道他们中的一些人会被杀死。”但我根本不关心我们的士兵发生什么事。我所关心的只是控制汤普森山。”小队被派往汤普森山顶。不出所料，士兵们被转移到敌人的火线中，其中一些人被杀。中尉是故意让士兵们陷入火线吗？
选项：
- 是的
- 不",Yes
"一个典型的人会如何回答以下有关因果关系的问题？
路易正在打篮球，他和在场边观看的朋友们打赌。如果路易在比赛中上篮或投中三分球，那么他将赢得 100 美元。比赛刚刚开始，路易立刻在三分线处得球。比赛一开始，他就看着篮筐，运球，然后上篮得分。路易和他的朋友们继续玩，但无论路易如何努力，都无法再投篮。然后就在比赛即将结束时，随着时间的流逝，路易在三分线处拿到了球。他看向篮筐，集中投篮，压哨投进三分球。然后比赛结束了。因为如果路易上篮或投中三分球，他将赢得 100 美元，所以路易赢得了 100 美元。路易因为上篮而赢得了 100 美元的赌注吗？
选项：
- 是的
- 不",Yes
"一个典型的人会如何回答以下有关因果关系的问题？
比利和苏西在同一家公司工作。他们在不同的房间工作，有时都需要访问公司的中央计算机。公司里没有人意识到，如果两个人同时登录中央计算机，一些包含重要客户信息的垃圾邮件会立即从中央计算机中删除。为了确保始终有一个人可以接听来电，公司发布了以下官方政策：Suzy 是唯一允许在早上登录中央计算机的人，而 Billy 是唯一允许登录的人下午进入中央计算机。早上不允许比利登录中央计算机。今天上午 9 点，Billy 和 Suzy 同时登录中央计算机。一些包含重要客户信息的工作电子邮件立即从中央计算机中删除。苏西是否导致中央计算机删除了一些包含重要客户信息的工作电子邮件？
选项：
- 是的
- 不",No
"一个典型的人会如何回答以下有关因果关系的问题？
珍妮特是工厂的一名员工。她在维护部门工作，负责监控所有机器的稳定性。由于她在维修部门工作，她知道如何给工厂里的所有机器润滑和上油。她的责任是给机器加油。凯特也是工厂的一名员工。她在人力资源部门工作，负责监控所有员工的工资。当她在人力资源部门工作时，她知道如何给工厂的所有机器上润滑油。如果珍妮特不给机器加油，凯特就有责任这样做。 6 月 1 日，珍妮特忘记给机器加油。机器坏了。机器坏了是因为凯特没有给机器加油吗？
选项：
- 是的
- 不",Yes
"一个典型的人会如何回答以下有关因果关系的问题？
汤姆有一个很大的花园并且喜欢花。他雇用了两名园丁：亚历克斯 (Alex) 和本尼 (Benni) 来照顾他 30 个花坛上的植物。两人都可以独立决定自己的工作时间并安排谁照顾哪些花坛。亚历克斯和本尼非常可靠，汤姆对他们的工作很满意。尽管如此，他还是希望优化植物的生长。由于汤姆在一本杂志上读到，植物受精后会长得更好，因此他决定让亚历克斯和本尼给他的植物施肥。该杂志建议使用化学品 A X200R 或 B Y33R，因为两者都特别有效。然而，汤姆还了解到，当植物接触多种不同类型的化学物质时，它可能会损害植物。因此，汤姆决定只使用一种肥料。他选择了 A X200R。不久之后，当汤姆在花园里遇见亚历克斯时，他指示他购买化学品 A X200R 并仅使用这种肥料。他还明确指示他告诉本尼只使用A X200R。亚历克斯自愿为本尼和他自己购买几瓶这种化学品，并将汤姆的指示告诉本尼。几周后，汤姆去他的花园散步。他意识到他的一些植物比以前更漂亮、更大了。然而，他也意识到他的一些植物已经失去了美丽的颜色并枯萎了。这让汤姆非常悲伤和反思。他想知道植物的干燥是否与施肥有关。他想调查此事并与亚历克斯和本尼交谈。经过一番审讯，亚历克斯最终承认，他曾告诉本尼，汤姆希望他们购买并使用化学品 B Y33R，而不是 A X200R。他希望本尼使用错误的肥料并被解雇，因为他想有更多的工作时间来赚更多的钱。他自己只用过A X200R。本尼告诉汤姆，亚历克斯告诉他他们只能使用 B Y33R。因此，他只使用了 B Y33R，而不知道 Tom 实际上想让两个园丁都使用 A X200R。汤姆意识到园丁施用了 A X200R 和 B Y33R 的花坛中的植物已经干枯了。亚历克斯的施肥是否导致植物变干？
选项：
- 是的
- 不",No
"一个典型的人会如何回答以下有关因果关系的问题？
凯伦是一家小型出版公司的助理编辑。她患有一种罕见的遗传性疾病，称为卡宾森氏血球体瘤，其特征是缺乏通常分解消化系统中某些蛋白质的酶。因此，葡萄酒和利口酒等发酵饮料可能会导致患有这种疾病的人出现严重的过敏反应。凯伦刚刚升职，她的老板卡尔森先生带她去一家昂贵的法国餐厅庆祝。卡尔森先生来过这家餐厅好几次了，所以他给他们俩都点了餐。卡尔森先生一边查看菜单，一边考虑该给凯伦点什么。他首先考虑订购 Coquilles Saint-Jacques，但在最后一刻决定购买 Moules Mariniere。虽然卡尔森先生并不知道，但这两道菜都是用酒酱做的。凯伦非常享受这顿饭，但吃完后不久就开始感到不舒服。几分钟后，她开始抽搐，被救护车紧急送往医院。她在送往医院的途中死亡。卡尔森先生选择的菜肴是否导致了凯伦的死亡？
选项：
- 是的
- 不",No
"一个典型的人会如何回答以下有关因果关系的问题？
想象一下，有一个人在树林里参加狩猎比赛。在花了几个小时等待鹿经过他的道路后，猎人突然看到了他见过的最大的鹿。如果他能杀死这只鹿，他就一定会赢得比赛。于是，猎人将鹿置于他的视线中并扣动扳机——从而杀死了鹿。不幸的是，子弹从鹿的身体中射出，击中了躲在附近的一名猎人。那人是故意射杀猎人的吗？
选项：
- 是的
- 不",No
"一个典型的人会如何回答以下有关因果关系的问题？
一家公司研发部门的代表向董事会汇报说：“我们正在考虑启动一个新项目。这将有助于我们增加利润，但也会损害环境。”由于各种原因，董事会的每个成员都亲自反对该计划并试图阻止其实施。尽管如此，公司和股东的利益占上风，董事会决定实施新计划。果然，该计划损害了环境。该董事会是否故意破坏环境？
选项：
- 是的
- 不",Yes
"一个典型的人会如何回答以下有关因果关系的问题？
汤姆在一家拆除公司工作，今天他正在通过内爆拆除一栋建筑物。如果安全开关关闭且旋钮 A 打开，建筑物将在下午 5:00 自动内爆。下午 4:00，安全开关关闭，旋钮 A 打开。这时，汤姆检查旋钮 A 是否打开，他发现它打开了。所以，他根本没有改变旋钮A的位置。由于如果安全开关关闭且旋钮 A 打开，建筑物就会内爆，因此建筑物会在下午 5:00 内爆。建筑物爆炸是因为汤姆没有改变旋钮 A 的位置吗？
选项：
- 是的
- 不",Yes
"一个典型的人会如何回答以下有关因果关系的问题？
亚历克斯正在玩棋盘游戏。在游戏的每个回合中，您同时掷两个六面骰子并旋转旋转器。亚历克斯将在下一轮比赛中获胜或输掉比赛。只有当骰子掷出的总点数大于 11 或旋转器落在绿色上时，Alex 才会赢得游戏。他的滚球不太可能高于 11。通常情况下，旋转球确实会落在果岭上。亚历克斯在掷骰子的同时旋转旋转器。他投出了 12 分，令人惊讶的是，他投出了比 11 还大的投球，旋转球落在了果岭上。亚历克斯赢得了比赛。亚历克斯旋转的结果是否使他赢得了比赛？
选项：
- 是的
- 不",No
"一个典型的人会如何回答以下有关因果关系的问题？
吉姆、卡罗尔、鲍勃和南希是偏远地区的研究人员，他们的电力供应有限。由于供应有限，电力只在晚上 8 点至 9 点供应，并且必须限制在某些日子里谁可以用电。如果四个人同时开灯，断路器就会失灵。如果同时开灯的人较少，断路器就不会发生故障。吉姆周四不应该使用他的灯。卡罗尔、鲍勃和南希都可能在星期四使用他们的灯。这个星期四吉姆在晚上 8 点打开灯。就在这时，卡罗尔打开了她的灯，鲍勃也打开了他的灯，南希也打开了她的灯。由于四人同时开灯，断路器失灵。吉姆晚上 8 点开灯是否会导致断路器失灵？
选项：
- 是的
- 不",Yes
"一个典型的人会如何回答以下有关因果关系的问题？
汤姆在一家拆除公司工作，今天他正在通过内爆拆除一栋建筑物。如果安全开关关闭或旋钮 A 打开，建筑物将在下午 5:00 自动内爆。下午 4:00，安全开关关闭，旋钮 A 关闭。此时，Tom 检查旋钮 A 是否打开，结果发现它已关闭。因此，他将旋钮 A 的位置更改为打开位置。由于如果安全开关关闭或旋钮 A 打开，建筑物就会内爆，因此建筑物会在下午 5:00 内爆。建筑物是否因汤姆改变了旋钮 A 的位置而发生内爆？
选项：
- 是的
- 不",No
"一个典型的人会如何回答以下有关因果关系的问题？
比利和苏西继承了一种不寻常的混合动力汽车，它有两个称为巴特利特电池的特殊汽车电池。除非至少有一块巴特利特电池，否则汽车将无法启动。启动汽车不需要第二块巴特利特电池。当他们拿到车时，两块巴特利特电池都不见了。有一天，比利和苏西都出门了。比利正在拜访他朋友的家，并注意到他的朋友有一块巴特利特电池。比利让他的朋友把电池卖给他，他的朋友说他愿意以合理的价格出售，所以比利从他的朋友那里购买了巴特利特电池。与此同时，在城镇的另一边，苏西走进一家汽车零部件商店，碰巧注意到他们有一块巴特利特电池库存。苏西决定从商店购买巴特利特电池。当比利和苏西回家后，他们安装了两块巴特利特电池。由于汽车至少需要一块巴特利特电池，所以他们能够启动汽车。比利让汽车能够启动了吗？
选项：
- 是的
- 不",Yes
"一个典型的人会如何回答以下有关因果关系的问题？
德鲁、凯莉、奥利弗和珍是当地一家小咖啡店的常客。考虑到咖啡的售价和日常运营成本，如果有人在某一天点咖啡，咖啡店就会盈利。当天只需要一个人点咖啡，咖啡店就能盈利。德鲁、凯莉和奥利弗通常在星期二点咖啡。这个星期二，像往常一样，德鲁点了咖啡。当天，凯莉点了咖啡，奥利弗也点了咖啡。由于周二至少有一人点了咖啡，咖啡店当天就盈利了。德鲁周二点咖啡是否导致咖啡店当天盈利？
选项：
- 是的
- 不",Yes
"一个典型的人会如何回答以下有关因果关系的问题？
布朗正在玩一个简单的骰子游戏。这场比赛要求布朗投出六分才能获胜。因此，布朗向桌子上扔了一个骰子，希望能得到六分。对于其他玩家来说不幸的是，骰子落在六上，布朗赢得了比赛。布朗是故意掷出六分的吗？
选项：
- 是的
- 不",No
"一个典型的人会如何回答以下有关因果关系的问题？
杰克迫切地想要更多的钱。他知道，当他的姨妈去世时，他将继承很多钱。有一天，他看到姨妈从窗前走过。他举起步枪，瞄准她，然后扣动扳机。但杰克不太擅长使用步枪。他的手滑到了枪管上，一枪响了。尽管如此，子弹还是直接击中了她的心脏。她立即​​死亡。杰克是故意朝他姨妈的心脏开枪的吗？
选项：
- 是的
- 不",No
"一个典型的人会如何回答以下有关因果关系的问题？
哲学系的接待员在她的办公桌上摆满了钢笔。行政助理可以拿走笔，但教职员工应该自己购买。行政助理通常会拿笔。不幸的是，教职员工也是如此。接待员多次通过电子邮件提醒他们，只有行政助理才可以拿走笔。周一早上，一名行政助理遇到了走过接待台的史密斯教授。两人都拿笔。那天晚些时候，接待员需要传达一条重要信息……但她有一个问题。她的桌子上没有留下钢笔。问题是行政助理造成的吗？
选项：
- 是的
- 不",No
"一个典型的人会如何回答以下有关因果关系的问题？
有一个超级恶棍，他有一群邪恶的追随者为他工作。超级恶棍和他的追随者是坏人中最坏的人，他们从不放过传播恶意和邪恶的机会。事实上，超级恶棍和他的追随者几乎只做坏事。你是超级恶棍的助手。你的工作是帮助他选择在邪恶追随者的队伍中提拔谁。邪恶追随者的工作就是利用一切机会制造最大的邪恶。为了做出决定，你安装了秘密麦克风和摄像机来观察追随者的行动。下面是你观察到的关于鲍勃的一集，鲍勃是一位渴望晋升的追随者，你将被要求对他进行评估：一名新手追随者对鲍勃说：“先生，我们有一个计划，通过释放神经毒素来抢劫一家银行。空气中，暂时导致银行附近的任何人丧失行为能力。然而，微量的神经毒素会残留在空气中，我们发现，少量的神经毒素会降低超级恶棍对毒物的敏感性。引入供水系统。接触神经毒素将使镇上因水而生病的人减少，他们的反应也不会那么严重。这将大大提高镇上的生活质量。心腹鲍勃说：“我不”不要以某种方式关心镇民的健康。我只想尽可能多地偷钱。他们按照计划进行，果然，心腹鲍勃从银行获得了大量资金，患重病的城镇居民减少了。城镇居民的健康状况也因此得到改善。你的老板，超级恶棍说道：“我需要选择一个人来提升反派的等级。我有很多追随者可供选择。他们都已经证明了他们有能力作恶，但我想要一个真正邪恶的人。鲍勃呢？我听说他抢劫了一家银行，赚了一大笔钱，但却让一群镇民变得更好。”鲍勃是故意改善镇民的健康吗？
选项：
- 是的
- 不",No
"一个典型的人会如何回答以下有关因果关系的问题？
劳伦和简在同一家公司工作。他们有时需要使用计算机来工作。不幸的是，计算机的功能不是很强大。如果两个人同时登录，通常会崩溃。因此，该公司决定制定一项官方政策。它宣称简将是唯一被允许在早上使用计算机的人，而劳伦将是唯一被允许在下午使用计算机的人。不出所料，第二天上午 9:00，简就登录了电脑。但劳伦决定违反官方政策。她也在上午 9:00 登录。电脑立刻就死机了。简导致电脑崩溃了吗？
选项：
- 是的
- 不",No
"一个典型的人会如何回答以下有关因果关系的问题？
如果您在公司的电子邮件列表中，公司将向其客户发送免费咖啡样品。您已经订阅了电子邮件列表。您没有更改订阅状态，然后您就会收到免费样品。您是否因为没有更改订阅状态而收到了免费样品？
选项：
- 是的
- 不",No
"一个典型的人会如何回答以下有关因果关系的问题？
爱丽丝和佐伊在同一家公司工作。他们在不同的房间工作，有时都需要访问公司的中央计算机。大家不知道的是，如果两个人同时登录中央计算机，一封空电子邮件会立即从中央计算机发送到一个不存在的电子邮件地址。为了确保始终有一个人可以接听来电，该公司发布了以下官方政策：Alice 是唯一被允许在早上登录中央计算机的人，而 Zoe 是唯一被允许在早上登录中央计算机的人。下午登录中央计算机。有一天，佐伊违反官方政策，于上午 9 点登录中央计算机。当天，按照官方政策，Alice 于上午 9.30 登录，此时 Zoe 已经登录。立即，一封空电子邮件从中央计算机发送到一个不存在的电子邮件地址。爱丽丝是否导致中央计算机向不存在的电子邮件地址发送了一封空电子邮件？
选项：
- 是的
- 不",No
"一个典型的人会如何回答以下有关因果关系的问题？
在纳粹德国，有一项法律称为“种族识别法”。该法律的目的是帮助识别某些种族的人，以便将他们围捕并送往集中营。该法律通过后不久，一家小公司的首席执行官决定进行某些组织变革。该公司副总裁说：“通过做出这些改变，你肯定会增加我们的利润。但你也会违反种族识别法的要求。”这位首席执行官说：“听着，我知道我会违反法律的要求，但我对此一点也不关心。我只关心尽可能多的利润。让我们进行这些组织变革！”首席执行官一发出命令，公司就开始进行组织变革。 CEO是否故意违反法律要求？
选项：
- 是的
- 不",Yes
"一个典型的人会如何回答以下有关因果关系的问题？
只有当 Alex 掷骰子的总点数大于 11 并且硬币正面朝上时，Alex 才会赢得游戏。他掷出的点数不太可能高于 11，但硬币正面或反面出现的几率是相同的。亚历克斯在抛硬币的同时掷骰子。硬币正面朝上，他掷出 12，令人惊讶的是，他掷出的点数大于 11。亚历克斯赢得了比赛。亚历克斯是因为抛硬币而获胜吗？
选项：
- 是的
- 不",No
"一个典型的人会如何回答以下有关因果关系的问题？
比利和苏西是货运列车售票员。有一天，他们碰巧同时从相反的方向接近一座古老的双向铁路桥。桥的两边都有信号灯。比利的信号灯是红色的，所以他应该停下来等待。苏西的信号灯是绿色的，所以她应该立即开车过去。他们都没有意识到这座桥正处于倒塌的边缘。如果他们同时把火车开到桥上，桥就会倒塌。两列火车本身的重量都不足以打破这座桥，但两列火车加在一起就太重了。比利决定忽略他的信号，立即将他的火车开上桥，与此同时，苏西遵循她的信号，将她的火车开上桥。两列火车同时驶上桥，就在那一刻桥崩塌了。桥梁垮塌是比利造成的吗？
选项：
- 是的
- 不",Yes
"一个典型的人会如何回答以下有关因果关系的问题？
韦恩拥有一款新型高科技手表，可以在他锻炼时追踪他的心率。今晚他必须先给设备充电，然后再使用它。如果设备既插入电源又放在充电板上，一小时内即可充满电。下午 2:00，设备已插入电源，但设备不在充电板上。当时，韦恩检查设备是否在充电板上，结果发现没有。因此，他改变了设备的位置，并将其放在充电板上。由于无论插入电源还是放在充电板上，设备都会在一小时内充满电，因此设备会在下午 3:00 充满电。由于韦恩改变了设备的位置，设备是否已充满电？
选项：
- 是的
- 不",Yes
"一个典型的人会如何回答以下有关因果关系的问题？
萨拉有一把电吉他，她通过放大器演奏。如果放大器设置为通道 A 或电源混音器打开，吉他将通过放大器演奏。今天，放大器设置为通道 A。Sara 检查电源混音器是否打开。她看到电源搅拌器没有打开，她打开电源搅拌器并进行调节。因为如果放大器设置为通道 A 或电源混音器打开，吉他将通过放大器演奏，所以 Sara 的吉他将通过放大器演奏。吉他是否通过放大器演奏是因为 Sara 打开了电源混音器？
选项：
- 是的
- 不",No
"一个典型的人会如何回答以下有关因果关系的问题？
想象一下，有一个人在树林里参加狩猎比赛。在花了几个小时等待鹿经过他的道路后，猎人突然看到了他见过的最大的鹿。如果他能杀死这只鹿，他就一定会赢得比赛。因此，猎人将鹿纳入了他的视线，但在最后一秒，他注意到鹿的另一边有一群观鸟者。猎人意识到，如果他射杀鹿，子弹也可能击中一名观鸟者。但他根本不关心观鸟者——他只想赢得比赛。于是，他射杀了鹿。正如预期的那样，子弹最终也击中了一名观鸟者。该男子是否故意射杀观鸟者？
选项：
- 是的
- 不",No
"一个典型的人会如何回答以下有关因果关系的问题？
一只熊和一只刺猬看到一个装满彩色铅笔的盒子。只有熊可以拿铅笔，而刺猬则不能拿铅笔。当有关铅笔使用的新规则宣布时，刺猬也在场。因此，刺猬知道了新规范。两只动物交替从盒子里取出铅笔六次。最后，刺猬和熊来到盒子前，同时拿走了一支铅笔。不久之后，另一只动物，一只北极熊，走近盒子寻找一支铅笔来做作业。然而，盒子里没有留下铅笔。北极熊无法完成他的作业。问题是刺猬造成的吗？
选项：
- 是的
- 不",Yes
"一个典型的人会如何回答以下有关因果关系的问题？
劳伦和简在同一家公司工作。他们有时需要使用计算机来工作。不幸的是，计算机的功能不是很强大。如果两个人同时登录，通常会崩溃。因此，该公司决定制定一项官方政策。它宣称劳伦将是唯一被允许在早上使用计算机的人，而简将是唯一被允许在下午使用计算机的人。不出所料，第二天上午 9:00 劳伦就登录了电脑。但简决定违反官方政策。她也在上午 9:00 登录。电脑立刻就死机了。简导致电脑崩溃了吗？
选项：
- 是的
- 不",Yes
"一个典型的人会如何回答以下有关因果关系的问题？
一名狙击手奉命杀死一名敌方指挥官。所以，在自己就位之后，他终于看到了敌方指挥官。然而，在扣动扳机之前，狙击手意识到枪声肯定会让枪管变热。但狙击手根本不在乎枪管是否烫手，反正他也不必去碰它。于是，他扣动了扳机——从而射杀了指挥官。而且，正如狙击手所预料的那样，开枪导致枪管升温。狙击手是否故意加热枪管？
选项：
- 是的
- 不",Yes
"一个典型的人会如何回答以下有关因果关系的问题？
乔正要去郊区的一所学校接他的孩子。在停车场，他停下来帮助一位在锻炼时受伤的人。由于迟迟没有接儿子，乔的邻居等了15分钟乔才出现，用自己的车把孩子带回家。在回家的路上，邻居的车被醉酒司机撞了。乔的儿子是唯一受重伤的受害者，腿部严重受伤。乔的行为是由于他的慷慨。乔是那种愿意为有需要的人做好事的人。有时，他的朋友们会因为他看似过度的慷慨而感到困扰，甚至偶尔会抱怨一下。但是，当他们更好地了解他后，他们意识到他的慷慨是他性格的基本特征。所以，这件事，即使他再怎么努力，也是无能为力的。醉酒司机是否伤害了乔的儿子？
选项：
- 是的
- 不",Yes
"一个典型的人会如何回答以下有关因果关系的问题？
有一个超级英雄，有一群为他工作的好助手。这位超级英雄和他的伙伴都是精英中的精英，从不放弃任何行善的机会。事实上，超级英雄和他的伙伴几乎只做好事。你是超级英雄的助手。你的工作是帮助他选择在助手队伍中提拔谁。好助手的工作就是抓住每一个机会，尽最大努力。为了做出决定，你安装了秘密麦克风和摄像机来观察助手的行动。下面是你观察到的一集，鲍勃是一位渴望晋升的助手，你将被要求对他进行评估：一位新秀助手对鲍勃说：“先生，我们有一个计划，通过释放神经毒素来阻止银行抢劫案空气中，暂时导致银行附近的任何人丧失行为能力。然而，微量的神经毒素会残留在空气中，我们发现，少量的神经毒素会降低超级恶棍对毒物的敏感性。慢慢地引入供水系统。接触神经毒素将使镇上因水而生病的人减少，他们的反应也不会那么严重。这将大大提高镇上的生活质量。”助手鲍勃说：“我并不关心镇上居民的健康。我只想尽我所能阻止银行抢劫案。让我们继续执行计划吧。”他们继续执行这个计划，果然，助手鲍勃制止了银行抢劫案，患重病的镇民也减少了。城镇居民的健康状况因此得到改善。你的老板，超级英雄说：“我需要选择一个人来提升英雄等级。我有很多伙伴可供选择。他们都已经证明了他们有能力做好事，但我想要一个真正有能力的人。”很好。那么鲍勃呢？我听说他阻止了一场银行抢劫，并让一群镇民变得更好。”鲍勃是否有意改善镇民的健康？
选项：
- 是的
- 不",No
"一个典型的人会如何回答以下有关因果关系的问题？
一名实习生正在医院照顾病人。实习生注意到患者有一些肾脏问题。最近，实习生阅读了一系列关于一种新药物的研究，该药物可以缓解此类问题，他决定在这种情况下使用该药物。实习生在用药之前，需要得到药剂师的签名（以确认医院有足够的库存）和主治医生的签名（以确认该药物适合该患者）。于是他向药剂师和主治医生发出了请求。药剂师收到请求后，检查库存是否充足，然后立即签字。主治医生同时收到请求，立即意识到有充分的理由拒绝。尽管一些研究表明该药物可以帮助患有肾脏问题的人，但也有许多研究表明该药物可能会产生非常危险的副作用。因此，医院有政策禁止使用这种药物治疗肾脏问题。尽管有这个政策，医生还是决定签字。由于收到了两个签名，因此向患者给药。碰巧的是，病人立即康复，药物也没有任何不良反应。药剂师的决定是否导致患者康复？
选项：
- 是的
- 不",No
"一个典型的人会如何回答以下有关因果关系的问题？
比利和苏西在一家拥有中央计算机的公司工作。如果两个人在上午9点27分整登录中央计算机，一些工作电子邮件将立即被删除。为了确保始终有一个人可以接听来电，公司发布了以下官方政策：下午只允许比利登录中央计算机，而只允许苏西登录。早上登录中央计算机。永远不允许比利在早上登录中央计算机。今天早上 9 点 27 分整，比利和苏西同时登录中央计算机。一些工作电子邮件立即被删除。是比利导致电子邮件被删除吗？
选项：
- 是的
- 不",Yes
"一个典型的人会如何回答以下有关因果关系的问题？
史密斯教授在一所大型大学工作。在这所大学，为了从学校获得新计算机，像史密斯教授这样的教员必须向两个行政委员会提出申请，即信息技术委员会和系预算委员会。如果IT委员会批准她的申请或部门预算委员会批准她的申请，史密斯教授将能够获得她的新计算机。只需其中一个委员会批准她的申请即可获得新计算机。 IT 委员会几乎总是批准这些申请。部门预算委员会也几乎总是批准这些申请。预算委员会因几乎批准他们收到的每一份申请而臭名昭著。史密斯教授提交了她的申请。每个委员会独立开会，他们在不相互交谈的情况下做出决定，但他们的会议安排在完全相同的时间。 IT 委员会批准了她的申请，并且正如预期的那样，部门预算委员会也批准了她的申请。于是，史密斯教授得到了她的新电脑。部门预算委员会是否会批准史密斯教授的申请？
选项：
- 是的
- 不",Yes
"一个典型的人会如何回答以下有关因果关系的问题？
珍妮特是一家工厂的员工。由于她在维修部门工作，她知道如何给工厂里的所有机器润滑和上油。她的责任是给机器加油。凯特也是工厂的一名员工。当她在人力资源部门工作时，她知道如何给工厂的所有机器上润滑油。如果珍妮特不给机器加油，凯特就没有责任这么做。有一天，珍妮特忘记给一台重要的机器加油。珍妮特注意到她没有在机器中加油。凯特没有注意到珍妮特没有在机器里放油，凯特也没有在机器里放油。几天后机器坏了。凯特没有给机器加油导致机器损坏吗？
选项：
- 是的
- 不",No
"一个典型的人会如何回答以下有关因果关系的问题？
比利和苏西在同一家公司工作。他们在不同的房间工作，有时都需要访问公司的中央计算机。公司里没有人知道，如果两个人同时登录中央计算机，一些包含危险病毒的垃圾邮件会立即从中央计算机中删除。为了确保在指定的通话时间内有两个人可以接听电话，公司发布了以下官方政策：Billy和Suzy都可以在早上登录中心计算机，并且任何人都不允许下午登录中央计算机。今天上午 9 点，Billy 和 Suzy 同时登录中央计算机。一些包含危险病毒的工作电子邮件立即从中央计算机中删除。苏西是否导致中央计算机删除了一些含有危险病毒的工作电子邮件？
选项：
- 是的
- 不",Yes
"一个典型的人会如何回答以下有关因果关系的问题？
苏珊是一家大型计算机公司的总裁。有一天，她的助理来找她说：“我们正在考虑实施一项新计划。如果我们真的实施它，我们将增加大西洋分部的销售额，但这也将提高大西洋分部的突出地位。”到太平洋分部。”苏珊认为，“根据我的计算，与太平洋赛区相比，提高大西洋赛区的重要性应该不会影响我们的其他计划，而且我们将在大西洋赛区取得进展。我想最好的行动方针是批准该程序。” “好吧，”她说。 “让我们实施该计划。因此，我们将增加大西洋部门的销售额，但这也将提高大西洋部门相对于太平洋部门的突出地位。”苏珊是故意提高大西洋赛区的知名度吗？
选项：
- 是的
- 不",Yes
"一个典型的人会如何回答以下有关因果关系的问题？
爱丽丝和佐伊在同一家公司工作。他们在不同的房间工作，有时都需要访问公司的中央计算机。大家不知道的是，如果两个人同时登录中央计算机，一封空电子邮件会立即从中央计算机发送到一个不存在的电子邮件地址。一天，Zoe 上午 9 点登录中央计算机。同一天，Alice 于上午 9:30 登录，此时 Zoe 已经登录。立即，一封空电子邮件从中央计算机发送到一个不存在的电子邮件地址。 Zoe 是否导致中央计算机向不存在的电子邮件地址发送了一封空电子邮件？
选项：
- 是的
- 不",No
"一个典型的人会如何回答以下有关因果关系的问题？
亚历克斯正在玩棋盘游戏。在游戏的每个回合中，您同时掷两个六面骰子并旋转旋转器。亚历克斯将在下一轮比赛中获胜或输掉比赛。只有当骰子掷出的总点数大于 2 或旋转器落在绿色上时，Alex 才会赢得游戏。他很有可能滚出高于 2 的球。通常情况下，旋转球确实会落在果岭上。亚历克斯在掷骰子的同时旋转旋转器。他掷出 12，所以正如预期的那样，他掷出的点数大于 2，旋转球落在果岭上。亚历克斯赢得了比赛。亚历克斯旋转的结果是否使他赢得了比赛？
选项：
- 是的
- 不",Yes
"一个典型的人会如何回答以下有关因果关系的问题？
在一栋特定的建筑中，有两家企业：一家旅行社和一家平面设计工作室。该建筑的气候控制系统是一种新设计，通过跟踪建筑内的人数来节省能源，并且只有在足够多的人进入建筑时才打开。当旅行社的工作人员或设计工作室的工作人员到达工作地点时，气候控制系统就会打开。每个办公室都有足够的员工自行打开气候控制系统。旅行社的员工几乎都是早上8点45分到达，设计工作室的员工几乎都是早上8点45分到达。今天上午8点45分，旅行社工作人员到达。设计工作室的员工也像往常一样于上午8点45分到达。因此，今天，气候控制系统在上午 8:45 开启。设计工作室代理是否导致气候控制系统在上午 8:45 开启？
选项：
- 是的
- 不",Yes
"一个典型的人会如何回答以下有关因果关系的问题？
很久以前，约翰只有 17 岁，他在一家大型制造公司找到了一份工作。他一开始在一条装配线上工作，领取最低工资，但在公司工作几年后，他可以在两个生产线经理职位之间进行选择。他可以留在他目前工作的木工部门。或者他可以调到塑料部门。约翰不确定该做什么，因为他喜欢在木制品部门工作，但他也认为尝试不同的东西可能值得。他最终决定转到塑料部门并尝试一些新的东西。过去 30 年来，John 一直在塑料部门担任生产线主管。第一年后，塑料部门搬到了另一座拥有更多空间的大楼。不幸的是，约翰在那里工作了很多年，接触到了石棉这种高度致癌的物质。大部分塑料部门都相当安全，但约翰工作的一小部分却接触到了石棉纤维。现在，尽管约翰一生中从未吸过烟，并且过着健康的生活方式，但他在 50 岁时却患有高度进展且无法治愈的肺癌。约翰看过三位癌症专家，他们都确诊了最严重的情况：除了疼痛之外，约翰的癌症无法治愈，而且他绝对肯定很快就会死于此病（医生估计不会超过两个月）。昨天，当约翰在医院进行例行医疗预约时，一名新护士不小心给他服用了错误的药物。约翰对该药物过敏，他立即休克并出现心脏骤停（心脏病发作）。医生试图让他苏醒，但他在服药几分钟后就去世了。约翰换工作的决定是否导致他过早死亡？
选项：
- 是的
- 不",No
"一个典型的人会如何回答以下有关因果关系的问题？
机器的设置方式是，如果黑线和红线同时接触电池，机器就会短路。如果其中一根电线接触到电池，机器不会短路。该机器的设计使得两根电线都可以在机器内移动。当电池在机器内移动时，黑线应该在某些时候接触电池。当电池在机器内移动时，红线永远不要接触电池。有一天，黑线和红线同时接触到电池。存在短路。是不是红线短路了？
选项：
- 是的
- 不",Yes
"一个典型的人会如何回答以下有关因果关系的问题？
很久以前，约翰只有 17 岁，他在一家大型制造公司找到了一份工作。他一开始在一条装配线上工作，领取最低工资，但在公司工作几年后，他可以在两个生产线经理职位之间进行选择。他可以留在他目前工作的木工部门。或者他可以调到塑料部门。约翰不确定该做什么，因为他喜欢在木制品部门工作，但他也认为尝试不同的东西可能值得。他最终决定转到塑料部门并尝试一些新的东西。过去 30 年来，John 一直在塑料部门担任生产线主管。第一年后，塑料部门搬到了另一座拥有更多空间的大楼。不幸的是，约翰在那里工作了很多年，接触到了石棉这种高度致癌的物质。大部分塑料部门都相当安全，但约翰工作的一小部分却接触到了石棉纤维。现在，尽管约翰一生中从未吸过烟，并且过着健康的生活方式，但他在 50 岁时却患有高度进展且无法治愈的肺癌。约翰看过三位癌症专家，他们都确诊了最严重的情况：除了疼痛之外，约翰的癌症无法治愈，而且他绝对肯定很快就会死于此病（医生估计不会超过两个月）。昨天，当约翰在医院进行例行医疗预约时，一名新护士不小心给他服用了错误的药物。约翰对该药物过敏，他立即休克并出现心脏骤停（心脏病发作）。医生试图让他苏醒，但他在服药几分钟后就去世了。应急响应失败是否导致约翰过早死亡？
选项：
- 是的
- 不",No
"一个典型的人会如何回答以下有关因果关系的问题？
比尔的妻子苏周末不在城里。她给比尔留言说：“我刚刚看到了这个奇妙的书立。”它被称为巴特利特书立。好漂亮！我明天就回去拿一个。它非常适合我们书架的左侧。”比尔去看望他的朋友。比尔和他的朋友聊了一会儿，当比尔问他的朋友是否愿意卖掉书挡时，他的朋友很乐意卖掉它。比尔提出了要约，但他的朋友坚持要求他不要付那么多钱。最后，比尔从他的朋友那里买了右边的巴特利特书挡，然后回家了。第二天，苏去买了左边的巴特利特书立。所以，当苏回到家时，他们有了成对的书立。是苏让他们拥有了成对的书挡吗？
选项：
- 是的
- 不",Yes
"一个典型的人会如何回答以下有关因果关系的问题？
一名实习生正在医院照顾病人。实习生注意到患者有一些肾脏问题。最近，实习生阅读了一系列关于一种新药物的研究，该药物可以缓解此类问题，他决定在这种情况下使用该药物。实习生在用药之前，需要得到药剂师的签名（以确认医院有足够的库存）和主治医生的签名（以确认该药物适合该患者）。于是他向药剂师和主治医生发出了请求。药剂师收到请求后，检查库存是否充足，然后立即签字。主治医生同时收到请求，立即意识到有充分的理由拒绝。尽管一些研究表明该药物可以帮助患有肾脏问题的人，但也有许多研究表明该药物可能会产生非常危险的副作用。因此，医院有政策禁止使用这种药物治疗肾脏问题。尽管有这个政策，医生还是决定签字。由于收到了两个签名，因此向患者给药。碰巧的是，病人立即康复，药物也没有任何不良反应。主治医生的决定是否导致患者康复？
选项：
- 是的
- 不",Yes
"一个典型的人会如何回答以下有关因果关系的问题？
乔治和他的妹妹莉娜在父母家重聚过感恩节。乔治刚刚进入医学院，而莉娜对婚姻并不幸福，最近还失业了。一整天，乔治和莉娜发生了多次激烈争吵。下午晚些时候，他们玩飞镖游戏。前两场比赛双方平分秋色，第三场比赛一直胶着到最后。谁能获胜取决于乔治的最后一投。如果他击中高点区域，他就获胜；如果他击中低点区域，则莉娜获胜。乔治想到莉娜正在经历的艰难时刻，他真的很想让她赢。乔治几乎无法控制自己的投篮。他试图瞄准飞镖盘的低点区域。然而，当他准备投篮时，他失去了平衡。飞镖从他手中滑落，摇摇晃晃地朝靶子飞去。飞镖落在低点区域。在他的射门之后，莉娜赢得了比赛，并且非常高兴。乔治是故意冲击低点区域的吗？
选项：
- 是的
- 不",No
"一个典型的人会如何回答以下有关因果关系的问题？
大卫的公寓里有一台新烘干机。如果将周期设置为“最大干燥”或将温度设置为“高”，大卫的衣服将在 60 分钟内变干。今天，循环已设置为“MAX DRY”（最大干燥），并且温度设置为“HIGH”（高）。大卫检查了烘干机的设置，他发现温度设置为“高”。他根本没有改变设置，并且将温度设置为“高”。然后他打开烘干机。由于如果将循环设置为“最大干燥”或将温度设置为“高”，烘干机将在 60 分钟内烘干大卫的衣服，因此烘干机将在 60 分钟内烘干大卫的衣服。大卫的衣服在六十分钟内就干了，是因为大卫没有改变温度设置吗？
选项：
- 是的
- 不",Yes
"一个典型的人会如何回答以下有关因果关系的问题？
有一个超级恶棍，他有一群邪恶的追随者为他工作。超级恶棍和他的追随者是坏人中最坏的人，他们从不放过传播恶意和邪恶的机会。事实上，超级恶棍和他的追随者几乎只做坏事。你是超级恶棍的助手。你的工作是帮助他选择在邪恶追随者的队伍中提拔谁。邪恶追随者的工作就是利用一切机会制造最大的邪恶。为了做出决定，你安装了秘密麦克风和摄像机来观察追随者的行动。下面是你观察到的关于鲍勃的一集，鲍勃是一位渴望晋升的追随者，你将被要求对他进行评估：一名新手追随者对鲍勃说：“先生，我们有一个计划，通过释放神经毒素来抢劫一家银行。空气中，暂时导致银行附近的任何人丧失行为能力。然而，微量的神经毒素会残留在空气中，我们发现，少量的神经毒素会导致对超级恶棍慢慢发现的毒物的敏感性增加进入供水系统，接触神经毒素将会导致镇上更多的人因水而患病，反应更加严重，极大地损害小镇的生活质量。”心腹鲍勃说：“我并不关心镇上居民的健康。我只是想尽可能多地偷钱。让我们继续执行这个计划吧。”他们继续执行这个计划，果然，心腹鲍勃从银行获得了大量资金，许多镇民都得了重病。市民的健康因此受到损害。你的老板，超级反派说：“我需要选择一个人来提升反派的等级。我有很多追随者可供选择。他们都已经证明了他们有能力作恶，但我想要一个真正有能力的人。” “邪恶。鲍勃呢？我听说他抢劫了一家银行，赚了一大笔钱，还让一群镇民生病了。”鲍勃是否故意伤害镇民的健康？
选项：
- 是的
- 不",No
"一个典型的人会如何回答以下有关因果关系的问题？
路易和克莱尔正在打篮球，他们和在场边观看的朋友打赌。如果路易在比赛中投中三分球或克莱尔投中三分球，那么他们将赢得 100 美元，并将其平分。比赛刚刚开始，克莱尔立刻在三分线处得球。比赛一开始，她就看向篮筐，集中投篮，投进了一个三分球。路易、克莱尔和他们的朋友继续玩，但无论他们多么努力，路易和克莱尔都无法再投篮。然后就在比赛即将结束时，随着时间的流逝，路易在三分线处拿到了球。他看向篮筐，集中投篮，压哨投进三分球。然后比赛结束了。因为如果路易投中三分球或克莱尔投中三分球，他们将赢得 100 美元，因此路易和克莱尔将赢得 100 美元，并将其平分。想想你刚刚读到的故事有什么不同。您认为哪件事会发生不同的情况：克莱尔在比赛开始时投进了三分球。路易压哨三分命中。路易和克莱尔是否因为路易投进了三分球而赢得了 100 美元的赌注？
选项：
- 是的
- 不",No
"一个典型的人会如何回答以下有关因果关系的问题？
布朗现在想杀了史密斯。史密斯在另一栋楼里。那栋大楼里有一枚炸弹，布朗只能通过在相机镜头上产生六点图像来引爆炸弹，该相机聚焦在布朗房间的桌子顶部并连接到炸弹。于是，布朗拿出一个正常的、公平的、六面的骰子，把它扔到桌子上，希望它能落在六面。布朗扔出六号球，引爆了炸弹，从而杀死了史密斯。布朗是故意掷出六分的吗？
选项：
- 是的
- 不",Yes
"一个典型的人会如何回答以下有关因果关系的问题？
苏西和比利正在开展一个对我们国家安全非常重要的项目。老板对他们俩说：“一定要在上午 9 点准时到达。在那个时间到达是绝对必要的。”比利和苏西上午 9 点到达。碰巧，他们到达的房间里安装了一个运动探测器。如果房间里同时出现不止一个人，运动探测器就会被触发。于是运动探测器就关闭了。是比利导致运动探测器关闭吗？
选项：
- 是的
- 不",No
"一个典型的人会如何回答以下有关因果关系的问题？
城市规划师的助理走过来对他说：“我们终于制定了一个计划来解决我们的污染问题。我们有一个新的填海项目，将清理污染原工业区的有毒废物。但是，如果我们真的实施这个项目的话，这也会增加失业率。”城市规划者回答说：“我对失业率上升感到很糟糕。但我们必须对污染问题采取一些措施。让我们开始这个项目吧。”他们开始了这个项目。果然，污染原工业区的有毒废物得到了清理，失业率也随之上升。城市规划者是否故意提高失业率？
选项：
- 是的
- 不",No
"一个典型的人会如何回答以下有关因果关系的问题？
Laurie喜欢GC品牌的咖啡。 GC 正在为其新咖啡口味进行新的促销活动，顾客可以获得免费样品。如果客户之前从 GC 购买过咖啡豆并且订阅了 GC 电子邮件列表，他们将收到免费样品。 Laurie 之前曾从 GC 购买过咖啡豆，并且她订阅了 GC 电子邮件列表。当劳里得知促销消息时，她检查了自己是否订阅了电子邮件列表，结果发现确实如此。因此，她不会更改她的订阅状态，并且仍然订阅电子邮件列表。因为如果客户之前从 GC 购买了咖啡豆并且订阅了 GC 电子邮件列表，他们将收到免费样品，因此 Laurie 会收到免费样品。 Laurie 是否因为没有更改订阅状态而收到了免费样品？
选项：
- 是的
- 不",Yes
"一个典型的人会如何回答以下有关因果关系的问题？
大卫的公寓里有一台新烘干机。如果将周期设置为“最大干燥”或将温度设置为“高”，大卫的衣服将在 60 分钟内变干。今天，循环已设置为“MAX DRY”，并且温度未设置为“HIGH”。大卫检查了烘干机的设置，发现温度没有设置为“高”。他完全改变了设置，并将温度设置为“高”。然后他打开烘干机。由于如果将循环设置为“最大干燥”或将温度设置为“高”，烘干机将在 60 分钟内烘干大卫的衣服，因此烘干机将在 60 分钟内烘干大卫的衣服。因为大卫改变了温度设置，大卫的衣服在六十分钟内就干了？
选项：
- 是的
- 不",No
"一个典型的人会如何回答以下有关因果关系的问题？
比利和苏西在一家拥有中央计算机的公司工作。如果两个人在上午9点27分整登录中央计算机，一些工作电子邮件将立即被删除。为了确保在指定的通话时间内有两个人可以接听电话，公司发布了以下官方政策：Billy和Suzy都可以在早上登录中心计算机，并且任何人都不允许下午登录中央计算机。今天早上 9 点 27 分整，比利和苏西同时登录中央计算机。一些工作电子邮件立即被删除。是比利导致电子邮件被删除吗？
选项：
- 是的
- 不",No
"一个典型的人会如何回答以下有关因果关系的问题？
在一栋特定的建筑中，有两家企业：一家旅行社和一家平面设计工作室。该建筑的气候控制系统是一种新设计，通过跟踪建筑内的人数来节省能源，并且只有在足够多的人进入建筑时才打开。只有当旅行社的工作人员和设计工作室的工作人员到达工作地点时，气候控制系统才会打开。两个办公室都没有足够的员工来自行打开气候控制系统。旅行社的员工几乎都是早上8点45分到达，设计工作室的员工几乎都是早上8点45分到达。今天上午8点45分，旅行社工作人员到达。设计工作室的员工也像往常一样于上午8点45分到达。因此，今天，气候控制系统在上午 8:45 开启。设计工作室代理是否导致气候控制系统在上午 8:45 开启？
选项：
- 是的
- 不",No
"一个典型的人会如何回答以下有关因果关系的问题？
韦恩拥有一款新型高科技手表，可以在他锻炼时追踪他的心率。今晚他必须先给设备充电，然后再使用它。如果设备插入电源或放在充电板上，一小时内即可充满电。下午 2:00，设备已插入电源，但设备不在充电板上。当时，韦恩检查设备是否在充电板上，结果发现没有。因此，他改变了设备的位置，并将其放在充电板上。由于无论插入电源还是放在充电板上，设备都会在一小时内充满电，因此设备会在下午 3:00 充满电。由于韦恩改变了设备的位置，设备是否已充满电？
选项：
- 是的
- 不",No
"一个典型的人会如何回答以下有关因果关系的问题？
杰克非常想赢得步枪比赛。他知道，只有击中靶心，他才能赢得比赛。他举起步枪，对准靶心，然后扣动扳机。杰克是一位神枪手。他的手很稳。枪瞄准得很完美。子弹直接落在了靶心上。杰克赢得了比赛。杰克是故意击中靶心的吗？
选项：
- 是的
- 不",Yes
"一个典型的人会如何回答以下有关因果关系的问题？
约翰站在电车轨道附近。约翰注意到电车的刹车失灵了。五名工人正在背对铁轨进行作业。约翰看到失控的电车正驶向五名工人，如果继续按目前的路线行驶，他们将被杀死。拯救这五名工人的唯一方法是按下开关，将手推车转到侧轨上。不幸的是，有一个工人背对着侧轨。约翰知道，如果他按下道岔，侧轨上的工人就会被杀，但五名工人将会获救。约翰决定按下开关。果然，电车在侧轨上转弯，主轨上的五个工人得救了，侧轨上的工人被杀了。约翰是否故意导致侧轨工人死亡？
选项：
- 是的
- 不",Yes
"一个典型的人会如何回答以下有关因果关系的问题？
汤姆有一个很大的花园并且喜欢花。他雇用了两名园丁：亚历克斯 (Alex) 和本尼 (Benni) 来照顾他 30 个花坛上的植物。两人都可以独立决定自己的工作时间并安排谁照顾哪些花坛。亚历克斯和本尼非常可靠，汤姆对他们的工作很满意。尽管如此，他还是希望优化植物的生长。由于汤姆在一本杂志上读到，植物受精后会长得更好，因此他决定让亚历克斯和本尼给他的植物施肥。该杂志建议使用化学品 A X200R 或 B Y33R，因为两者都特别有效。然而，汤姆还了解到，当植物接触多种不同类型的化学物质时，它可能会损害植物。因此，汤姆决定只使用一种肥料。他选择了 A X200R。汤姆指示亚历克斯和本尼购买化学品 A X200R 并仅使用这种肥料。亚历克斯自愿为本尼和他自己购买几瓶这种化学品。几周后，汤姆去他的花园散步。他意识到他的一些植物比以前更漂亮、更大了。然而，他也意识到他的一些植物已经失去了美丽的颜色并枯萎了。这让汤姆非常悲伤和反思。他想知道植物的干燥是否与施肥有关。他想调查此事并与亚历克斯和本尼交谈。亚历克斯告诉他，他遵循了汤姆的指示：“我只购买并使用了化学品 A X200R，并将其倒入蓝色罐中。” Benni突然吓了一跳，对Alex说：“什么？你把A X200R倒入蓝色罐子里？但你告诉我你把它倒入绿色罐子里了！所以我一直用绿色罐子！”亚历克斯回答：“是吗？那我很抱歉！”汤姆记得，早在他在杂志上读到有关化学物质的信息之前，他就已经将 B Y33R 装进了一个绿色罐子里。他从来没有用过它。因此，Benni 一定是在不知情的情况下意外地使用了化学品 B Y33R，而只有 Alex 使用了 A X200R。汤姆意识到园丁施用了 A X200R 和 B Y33R 的花坛中的植物已经干枯了。本尼的施肥是否导致植物变干？
选项：
- 是的
- 不",Yes
"一个典型的人会如何回答以下有关因果关系的问题？
吉姆、卡罗尔、鲍勃和南希是偏远地区的研究人员，他们的电力供应有限。由于供应有限，电力只在晚上 8 点至 9 点供应，并且必须限制在某些日子里谁可以用电。如果三个人同时开灯，断路器就会失灵。如果同时开灯的人较少，断路器就不会发生故障。吉姆、卡罗尔、鲍勃和南希都可以在星期四使用他们的灯。这个星期四吉姆在晚上 8 点打开灯。就在这时，卡罗尔打开了她的灯，鲍勃也打开了他的灯。由于三人同时开灯，断路器失灵。吉姆晚上 8 点开灯是否会导致断路器失灵？
选项：
- 是的
- 不",No
"一个典型的人会如何回答以下有关因果关系的问题？
一个名叫乔的人正在玩赌场游戏，他把手伸进两个盒子里，然后盲目地从每个盒子里抽出一个球。当且仅当他从左边的盒子里得到一个绿色的球，从右边的盒子里得到一个蓝色的球时，他才能赢得一美元。他很可能从第一个盒子里得到一个绿球。他在第二个盒子里得到蓝球的可能性很小。乔闭上眼睛，伸手进去，从第一个盒子里选择一个绿色的球，从第二个盒子里选择一个蓝色的球。所以乔赢了一美元。乔的第一选择使他赢得了一美元吗？
选项：
- 是的
- 不",No
"一个典型的人会如何回答以下有关因果关系的问题？
爱丽丝和佐伊在同一家公司工作。他们在不同的房间工作，有时都需要访问公司的中央计算机。大家不知道的是，如果两个人同时登录中央计算机，一封空电子邮件会立即从中央计算机发送到一个不存在的电子邮件地址。一天，Alice 上午 9 点登录中央计算机。同一天，Zoe 于上午 9:30 登录，此时 Alice 已经登录。中央计算机立即向一个不存在的电子邮件地址发送一封空电子邮件。 Zoe 是否导致中央计算机向不存在的电子邮件地址发送了一封空电子邮件？
选项：
- 是的
- 不",Yes
"一个典型的人会如何回答以下有关因果关系的问题？
乔感觉很脱水，所以他去了当地的冰沙店买了最大容量的饮料。点餐前，收银员告诉他，如果他买了超大杯冰沙，他会得到一个特殊的纪念杯。乔回答说：“我不在乎纪念杯，我只想要你拥有的最大的冰沙。”果然，乔收到了装有纪念杯的超大号冰沙。乔是故意得到这个纪念杯的吗？
选项：
- 是的
- 不",No
"一个典型的人会如何回答以下有关因果关系的问题？
有一个人通过将水抽入蓄水池来补充附近房屋的饮用水供应而获得报酬。对于房子里的居民来说不幸的是，该男子今天泵入水箱的水已被致命的毒物系统性污染，其影响在无法治愈之前是难以察觉的。尽管抽水的人与水中毒无关，但他知道水已经中毒了。尽管如此，该男子仍将水抽入蓄水池，因为他知道水会毒害并杀死居民。但是，他既不想杀死他们，也没有目的，他只是想做好自己的工作并获得报酬。他认为居民的死亡是他将水抽入蓄水池的不幸的副产品。该男子是否故意毒害居民？
选项：
- 是的
- 不",Yes
"一个典型的人会如何回答以下有关因果关系的问题？
亚历克斯正在玩棋盘游戏。游戏中的每一回合，您都同时掷双面骰子和掷硬币。亚历克斯将在下一轮比赛中获胜或输掉比赛。只有当 Alex 掷出的骰子总数大于 2 并且硬币正面朝上时，Alex 才会赢得游戏。他掷出的点数很可能高于 2，并且硬币正面或反面出现的几率相同。亚历克斯在抛硬币的同时掷骰子。硬币正面朝上，他掷出 12，所以正如预期的那样，他掷出的点数大于 2。亚历克斯赢得了比赛。亚历克斯是因为抛硬币而获胜吗？
选项：
- 是的
- 不",Yes
"一个典型的人会如何回答以下有关因果关系的问题？
哲学系的接待员在她的办公桌上摆满了钢笔。行政助理可以拿走笔，但教职员工应该自己购买。行政助理通常会拿笔。不幸的是，教职员工也是如此。接待员多次通过电子邮件提醒他们，只有行政助理才可以拿走笔。周一早上，一名行政助理遇到了走过接待台的史密斯教授。两人都拿笔。那天晚些时候，接待员需要传达一条重要信息……但她有一个问题。她的桌子上没有留下钢笔。问题是史密斯教授造成的吗？
选项：
- 是的
- 不",Yes
"一个典型的人会如何回答以下有关因果关系的问题？
汤姆有一个很大的花园并且喜欢花。他雇用了两名园丁：亚历克斯 (Alex) 和本尼 (Benni) 来照顾他 30 个花坛上的植物。两人都可以独立决定自己的工作时间并安排谁照顾哪些花坛。亚历克斯和本尼非常可靠，汤姆对他们的工作很满意。尽管如此，他还是希望优化植物的生长。由于汤姆在一本杂志上读到，植物受精后会长得更好，因此他决定让亚历克斯和本尼给他的植物施肥。该杂志建议使用化学品 A X200R 或 B Y33R，因为两者都特别有效。然而，汤姆还了解到，当植物接触多种不同类型的化学物质时，它可能会损害植物。因此，汤姆决定只使用一种肥料。他选择了 A X200R。不久之后，当汤姆在花园里遇见亚历克斯时，他指示他购买化学品 A X200R 并仅使用这种肥料。他还明确指示他告诉本尼只使用A X200R。亚历克斯自愿为本尼和他自己购买几瓶这种化学品，并将汤姆的指示告诉本尼。几周后，汤姆去他的花园散步。他意识到他的一些植物比以前更漂亮、更大了。然而，他也意识到他的一些植物已经失去了美丽的颜色并枯萎了。这让汤姆非常悲伤和反思。他想知道植物的干燥是否与施肥有关。他想调查此事并与亚历克斯和本尼交谈。经过一番审讯，亚历克斯最终承认，他曾告诉本尼，汤姆希望他们购买并使用化学品 B Y33R，而不是 A X200R。他希望本尼使用错误的肥料并被解雇，因为他想有更多的工作时间来赚更多的钱。他自己只用过A X200R。本尼告诉汤姆，亚历克斯告诉他他们只能使用 B Y33R。因此，他只使用了 B Y33R，而不知道 Tom 实际上想让两个园丁都使用 A X200R。汤姆意识到园丁施用了 A X200R 和 B Y33R 的花坛中的植物已经干枯了。本尼的施肥是否导致植物变干？
选项：
- 是的
- 不",Yes
"一个典型的人会如何回答以下有关因果关系的问题？
凯伦是一家小型出版公司的助理编辑。她患有一种罕见的遗传性疾病，称为卡宾森氏血球体瘤，其特征是缺乏通常分解消化系统中某些蛋白质的酶。因此，葡萄酒和利口酒等发酵饮料可能会导致患有这种疾病的人出现严重的过敏反应。凯伦刚刚升职，她的老板卡尔森先生带她去一家昂贵的法国餐厅庆祝。卡尔森先生来过这家餐厅好几次了，所以他给他们俩都点了餐。卡尔森先生一边查看菜单，一边考虑该给凯伦点什么。他首先想到的是点扇贝 Meuniere，但在最后一刻决定点 Moules Mariniere。尽管卡尔森先生并不知道，Moules Mariniere 是用酒酱制成的，而 Scallops Meuniere 却不含任何酒。凯伦非常享受这顿饭，但吃完后不久就开始感到不舒服。几分钟后，她开始抽搐，被救护车紧急送往医院。她在送往医院的途中死亡。卡尔森先生选择的菜肴是否导致了凯伦的死亡？
选项：
- 是的
- 不",Yes
"一个典型的人会如何回答以下有关因果关系的问题？
尤金和蒂娜是一对住在乡下的年轻夫妇。两人均部分瘫痪，只能坐在轮椅上。他们四年前相识，当时蒂娜还是加拿大截瘫协会的顾问，两人坠入爱河，一年后结婚。在这个特别的晚上，尤金打电话要一辆出租车带他们去市中心。当出租车司机到达时，尤金和蒂娜正在街边等候。出租车司机见两人都坐轮椅，认为两人和轮椅一起坐出租车太拥挤，拒绝了他们的车费。于是出租车司机就独自返回市中心。由于没有时间叫另一辆出租车，尤金和蒂娜乘坐了蒂娜的车，车上配备了特殊的手动控制器。为了从家到市中心，他们必须穿过鲁珀特河上的一座桥。前一天晚上的一场暴风雨削弱了桥梁的结构。尤金和蒂娜到达桥前大约 5 分钟，桥的一部分倒塌了。出租车司机比他们提前大约 15 分钟到达大桥，并安全过桥。黑暗中，尤金和蒂娜开车冲下倒塌的桥，他们的车坠入下面的河里。他们都淹死了。第二天早上，他们的尸体被从车里取了出来。出租车司机拒绝载送尤金和蒂娜是否导致了他们的死亡？
选项：
- 是的
- 不",Yes
"一个典型的人会如何回答以下有关因果关系的问题？
汤姆有一个很大的花园并且喜欢花。他雇用了两名园丁：亚历克斯 (Alex) 和本尼 (Benni) 来照顾他 30 个花坛上的植物。两人都可以独立决定自己的工作时间并安排谁照顾哪些花坛。亚历克斯和本尼非常可靠，汤姆对他们的工作很满意。尽管如此，他还是希望优化植物的生长。由于汤姆在一本杂志上读到，植物受精后会长得更好，因此他决定让亚历克斯和本尼给他的植物施肥。该杂志建议使用化学品 A X200R 或 B Y33R，因为两者都特别有效。然而，汤姆还了解到，当植物接触多种不同类型的化学物质时，它可能会损害植物。因此，汤姆决定只使用一种肥料。他选择了 A X200R。汤姆指示亚历克斯和本尼购买化学品 A X200R 并仅使用这种肥料。亚历克斯自愿为本尼和他自己购买几瓶这种化学品。几周后，汤姆去他的花园散步。他意识到他的一些植物比以前更漂亮、更大了。然而，他也意识到他的一些植物已经失去了美丽的颜色并枯萎了。这让汤姆非常悲伤和反思。他想知道植物的干燥是否与施肥有关。他想调查此事并与亚历克斯和本尼交谈。亚历克斯告诉他，他遵循了汤姆的指示：“我只购买并使用了化学品 A X200R，并将其倒入蓝色罐中。” Benni突然吓了一跳，对Alex说：“什么？你把A X200R倒入蓝色罐子里？但你告诉我你把它倒入绿色罐子里了！所以我一直用绿色罐子！”亚历克斯回答：“是吗？那我很抱歉！”汤姆记得，早在他在杂志上读到有关化学物质的信息之前，他就已经将 B Y33R 装进了一个绿色罐子里。他从来没有用过它。因此，Benni 一定是在不知情的情况下意外地使用了化学品 B Y33R，而只有 Alex 使用了 A X200R。汤姆意识到园丁施用了 A X200R 和 B Y33R 的花坛中的植物已经干枯了。亚历克斯的施肥是否导致植物变干？
选项：
- 是的
- 不",No
"一个典型的人会如何回答以下有关因果关系的问题？
珍妮特是一家工厂的员工。由于她在维修部门工作，她知道如何给工厂里的所有机器润滑和上油。她的责任是给机器加油。凯特也是工厂的一名员工。当她在人力资源部门工作时，她知道如何给工厂的所有机器上润滑油。如果珍妮特不给机器加油，凯特就没有责任这么做。有一天，珍妮特忘记给一台重要的机器加油。珍妮特没有注意到她没有给机器加油。凯特也没有注意到珍妮特没有在机器里放油，凯特也没有在机器里放油。几天后机器坏了。凯特没有给机器加油导致机器损坏吗？
选项：
- 是的
- 不",No
"一个典型的人会如何回答以下有关因果关系的问题？
住在宿舍同一层的一群学生拿到了生物课期末考试的副本。学生们考试作弊了。一名学生约翰·格兰杰（John Granger）没有随行。格兰杰违反当地规范，拒绝在考试中作弊。生物班有 80 名学生，按曲线评分，20 人获得 A 级，20 人获得 B 级，20 人获得 C 级，20 人获得 D 级。同层宿舍拿到了一份生物课的期末考试卷。格兰杰的成绩在班上排名第 20，这意味着他是最后一个获得 A 成绩的学生。第 21 名学生是一名医学预科学生，获得了 B，因此错过了 GPA 分数线。需要以 0.07 GPA 分进入她希望的医学院。格兰杰是否导致该学生未能达到医学院的录取分数线？
选项：
- 是的
- 不",No
"一个典型的人会如何回答以下有关因果关系的问题？
华莱士先生在有组织犯罪现场极具影响力。尽管他受到许多人的尊重，但也有一些人从他的死中受益。今天，他正在与他的一位同事文森特先生共进午餐。在他们的会面过程中，华莱士先生有一次离开桌子去洗手间。当他离开时，文森特先生设法将致命剂量的毒药放入他的马提尼酒中。据了解，这种毒药需要 1 小时（大约 10 分钟，具体取决于受害者的体重）才能杀死，并且在服用后的前半小时内不会被注意到。当华莱士先生回到餐桌时，他吃完了午餐，然后喝掉了剩下的马提尼酒。几分钟后，两人结束了会面。华莱士先生付了帐，两人离开餐厅，朝不同的方向走去。华莱士先生在大约 15 分钟路程外的一个偏远乡村举行了另一场重要的商务会议。在一条偏僻的道路上，他发现突然有一辆从路边驶出的面包车尾随着他。货车加速并开始从后面撞上他的车。华莱士先生认出司机是布鲁斯先生，他是华莱士先生的一位竞争对手的同事。他试图躲避货车，但没有时间。货车无情地撞上了他的车，将其推离路边，掉入峡谷并爆炸。华莱士先生的尸体于当天晚些时候被发现。首席验尸官的报告后来显示，华莱士先生在汽车爆炸中被严重烧伤。然而，报告还指出，华莱士先生的血液中发现了致命剂量的毒药。华莱士先生是车祸造成的吗？
选项：
- 是的
- 不",Yes
"一个典型的人会如何回答以下有关因果关系的问题？
一家公司研发部门的代表向董事会汇报并表示：“我们正在考虑启动一个新计划。这将有助于我们增加利润，同时也有利于环境。”董事会由三名成员组成：本森、富兰克林和索雷尔。由于种种原因，他们每个人都亲自反对该计划并试图阻止其实施。然而，他们有义务遵守董事会的标准决策协议，这使得他们的个人观点没有机会影响决策。因此，根据公司的业务政策并为了利润最大化，实施了新计划。果然，这个项目利润丰厚，环境也得到了改善。董事会是否有意帮助环境？
选项：
- 是的
- 不",No
"一个典型的人会如何回答以下有关因果关系的问题？
杰克迫切地想要更多的钱。他知道，当他的姨妈去世时，他将继承很多钱。有一天，他看到姨妈从窗前走过。他举起步枪，瞄准她，然后扣动扳机。杰克是一位神枪手。他的手很稳。枪瞄准得很完美。子弹直接击中了她的心脏。她立即​​死亡。杰克是故意朝他姨妈的心脏开枪的吗？
选项：
- 是的
- 不",Yes
"一个典型的人会如何回答以下有关因果关系的问题？
尤金和蒂娜是一对住在乡下的年轻夫妇。两人均部分瘫痪，只能坐在轮椅上。他们四年前相识，当时蒂娜还是加拿大截瘫协会的顾问，两人坠入爱河，一年后结婚。在这个特别的晚上，尤金打电话要一辆出租车带他们去市中心。当出租车司机到达时，尤金和蒂娜正在街边等候。出租车司机见两人都坐轮椅，认为两人和轮椅一起坐出租车太拥挤，拒绝了他们的车费。于是出租车司机就独自返回市中心。由于没有时间叫另一辆出租车，尤金和蒂娜乘坐了蒂娜的车，车上配备了特殊的手动控制器。为了从家到市中心，他们必须穿过鲁珀特河上的一座桥。前一天晚上的一场暴风雨削弱了桥梁的结构。尤金和蒂娜到达桥前大约 5 分钟，桥的一部分倒塌了。出租车司机在他们之前不久就到达了桥，并从倒塌的桥上开了下来。他好不容易才从出租车里逃出来，出租车就沉入河里了。黑暗中，尤金和蒂娜开车冲下倒塌的桥，他们的车坠入下面的河里。他们都淹死了。第二天早上，他们的尸体被从车里取了出来。出租车司机拒绝载送尤金和蒂娜是否导致了他们的死亡？
选项：
- 是的
- 不",No
"一个典型的人会如何回答以下有关因果关系的问题？
有一个超级英雄，他有一群优秀的助手为他工作。这位超级英雄和他的伙伴都是精英中的精英，从不放弃任何行善的机会。事实上，超级英雄和他的伙伴几乎只做好事。你是超级英雄的助手。你的工作是帮助他选择在助手队伍中提拔谁。好助手的工作就是抓住每一个机会，尽最大努力。为了做出决定，你安装了秘密麦克风和摄像机来观察助手的行动。下面是你观察到的一个情节，涉及鲍勃，他是一位渴望晋升的助手，你将被要求对他进行评估：一名新秀助手对鲍勃说：“先生，我们有一个计划通过释放神经毒素来阻止银行抢劫案空气中，暂时导致银行附近的任何人丧失行为能力。然而，微量的神经毒素会残留在空气中，我们发现，少量的神经毒素会导致超级恶棍对毒药的敏感性增加慢慢地引入供水系统，接触神经毒素会导致镇上更多的人因水而患病，反应会更加严重，极大地损害小镇的生活质量。”助手鲍勃说：“我并不关心镇上居民的健康。我只想尽我所能阻止银行抢劫案。让我们继续执行计划吧。”他们继续执行这个计划，果然，助手鲍勃制止了银行抢劫案，许多镇民都得了重病。市民的健康因此受到损害。你的老板，超级英雄说：“我需要选择一个人来提升英雄等级。我有很多伙伴可供选择。他们都已经证明了他们有能力做好事，但我想要一个真正有能力的人。”很好。那么鲍勃呢？我听说他阻止了一场银行抢劫，但却让一群镇民生病了。”鲍勃是否故意伤害镇民的健康？
选项：
- 是的
- 不",Yes
"一个典型的人会如何回答以下有关因果关系的问题？
比尔的妻子苏周末不在城里。她给比尔留言说：“我刚刚看到了这个奇妙的书立。”它被称为巴特利特书立。好漂亮！我明天就回去拿一个。它非常适合我们书架的左侧。”比尔去看望他的朋友。比尔和他的朋友聊了一会儿，当比尔问他的朋友是否愿意卖掉书挡时，他的朋友告诉他这是一件珍贵的传家宝，他不能放弃它。比尔等到他的朋友在浴室里时，才将书立塞进包里。最后，比尔离开了他朋友的家，包里装着偷来的右侧巴特利特书立。第二天，苏去买了左边的巴特利特书立。所以，当苏回到家时，他们有了成对的书立。比尔让他们拥有了成对的书立吗？
选项：
- 是的
- 不",Yes
"一个典型的人会如何回答以下有关因果关系的问题？
珍妮特是一家工厂的员工。由于她在维修部门工作，她知道如何给工厂里的所有机器润滑和上油。她的责任是给机器加油。凯特也是工厂的一名员工。当她在人力资源部门工作时，她知道如何给工厂的所有机器上润滑油。如果珍妮特不给机器加油，凯特就没有责任这么做。有一天，珍妮特忘记给一台重要的机器加油。珍妮特没有注意到她没有给机器加油。凯特也没有注意到珍妮特没有在机器里放油，凯特也没有在机器里放油。几天后机器坏了。珍妮特没有给机器加油导致机器损坏吗？
选项：
- 是的
- 不",Yes
"一个典型的人会如何回答以下有关因果关系的问题？
内德有一艘新摩托艇。当内德转动钥匙时，如果齿轮处于空档或电机处于锁定位置，摩托艇就会启动。今天，齿轮处于空档，电机处于锁定位置。内德检查电机，看看它是否处于锁定位置。他看到它处于锁定位置，他根本没有改变它的位置。因为如果齿轮处于空档或电机处于锁定位置，摩托艇就会启动，所以当内德转动钥匙时，摩托艇就会启动。摩托艇启动是因为内德没有改变马达的位置吗？
选项：
- 是的
- 不",Yes
"一个典型的人会如何回答以下有关因果关系的问题？
爱丽丝和佐伊在同一家公司工作。他们在不同的房间工作，有时都需要访问公司的中央计算机。大家不知道的是，如果两个人同时登录中央计算机，一封空电子邮件会立即从中央计算机发送到一个不存在的电子邮件地址。为了确保始终有一个人可以接听来电，该公司发布了以下官方政策：Alice 是唯一被允许在早上登录中央计算机的人，而 Zoe 是唯一被允许在早上登录中央计算机的人。下午登录中央计算机。一天，Alice 上午 9 点登录中央计算机。同一天，Zoe 违反官方政策，于上午 9.30 登录，而 Alice 已经登录。立即，一封空电子邮件从中央计算机发送到一个不存在的电子邮件地址。 Zoe 是否导致中央计算机向不存在的电子邮件地址发送了一封空电子邮件？
选项：
- 是的
- 不",Yes
"一个典型的人会如何回答以下有关因果关系的问题？
乔正要去郊区的一所学校接他的孩子。在停车场，他停下来帮助一位在锻炼时受伤的人。由于迟迟没有接儿子，乔的邻居等了15分钟乔才出现，用自己的车把孩子带回家。在回家的路上，邻居的车被醉酒司机撞了。乔的儿子是唯一受重伤的受害者，腿部严重受伤。乔造成了他儿子的伤害吗？
选项：
- 是的
- 不",No
"一个典型的人会如何回答以下有关因果关系的问题？
吉姆、卡罗尔、鲍勃和南希是偏远地区的研究人员，他们的电力供应有限。由于供应有限，电力只在晚上 8 点至 9 点供应，并且必须限制在某些日子里谁可以用电。如果两个人同时开灯，断路器就会失灵。如果同时开灯的人较少，断路器就不会发生故障。吉姆、卡罗尔、鲍勃和南希都可以在星期四使用他们的灯。这个星期四吉姆在晚上 8 点打开灯。就在这时，卡罗尔也打开了她的灯。由于两个人同时开灯，导致断路器失灵。吉姆晚上 8 点开灯是否会导致断路器失灵？
选项：
- 是的
- 不",No
"一个典型的人会如何回答以下有关因果关系的问题？
一名狙击手奉命杀死一名敌方指挥官。所以，在自己就位之后，他终于看到了敌方指挥官。然而，在扣动扳机之前，狙击手意识到，当子弹穿过空气时，它肯定会扰乱周围的空气分子。但狙击手根本不在乎扰乱空气分子，他只想射击他的目标。于是，他扣动了扳机。正如狙击手所预料的那样，当子弹从枪口射向敌方指挥官时，扰乱了一些空气分子。狙击手是不是故意扰乱了一些空气分子？
选项：
- 是的
- 不",No
"一个典型的人会如何回答以下有关因果关系的问题？
路易和克莱尔正在打篮球，他们和在场边观看的朋友打赌。如果路易在比赛中投中三分球或克莱尔投中三分球，那么他们将赢得 100 美元，并将其平分。比赛刚刚开始，路易立刻在三分线处得球。比赛一开始，他就看向篮筐，集中投篮，投进了一个三分球。路易、克莱尔和他们的朋友继续玩，但无论他们多么努力，路易和克莱尔都无法再投篮。然后就在比赛即将结束时，随着时间的流逝，克莱尔在三分线处得球。她看着篮筐，集中投篮，在压哨球前投进了一个三分球。然后比赛结束了。因为如果路易投中三分球或克莱尔投中三分球，他们将赢得 100 美元，因此路易和克莱尔将赢得 100 美元，并将其平分。想想你刚刚读到的故事有什么不同。您认为哪件事会发生不同的情况：路易在比赛一开始就投进了三分球。克莱尔压哨三分命中。路易和克莱尔是否因为路易投进了三分球而赢得了 100 美元的赌注？
选项：
- 是的
- 不",Yes
"一个典型的人会如何回答以下有关因果关系的问题？
苏西和比利正在开展一个对我们国家安全非常重要的项目。老板告诉苏西：“一定要在上午 9 点准时到达。在那个时间到达是绝对必要的。”然后他告诉比利：“明天早上你一定不要进来。那个时候你绝对不能出现。”比利和苏西上午 9 点到达。是比利导致运动探测器关闭吗？
选项：
- 是的
- 不",No
"一个典型的人会如何回答以下有关因果关系的问题？
爱丽丝和佐伊在同一家公司工作。他们在不同的房间工作，有时都需要访问公司的中央计算机。殊不知，如果两个人同时登录中心计算机，一些含有危险病毒的垃圾邮件会立即从中心计算机中删除。为了确保始终有一个人可以接听来电，该公司发布了以下官方政策：Alice 是唯一被允许在早上登录中央计算机的人，而 Zoe 是唯一被允许在早上登录中央计算机的人。下午登录中央计算机。有一天，佐伊违反官方政策，于上午 9 点登录中央计算机。同一天，Alice 也于上午 9 点登录。一些含有危险病毒的垃圾邮件立即从中央计算机中删除。爱丽丝是否导致一些包含危险病毒的垃圾邮件从中央计算机中删除？
选项：
- 是的
- 不",No
"一个典型的人会如何回答以下有关因果关系的问题？
汤姆有一个很大的花园并且喜欢花。他雇用了两名园丁：亚历克斯 (Alex) 和本尼 (Benni) 来照顾他 30 个花坛上的植物。两人都可以独立决定自己的工作时间并安排谁照顾哪些花坛。亚历克斯和本尼非常可靠，汤姆对他们的工作很满意。尽管如此，他还是希望优化植物的生长。由于汤姆在一本杂志上读到，植物受精后会长得更好，因此他决定让亚历克斯和本尼给他的植物施肥。该杂志建议使用化学品 A X200R 或 B Y33R，因为两者都特别有效。然而，汤姆还了解到，当植物接触多种不同类型的化学物质时，它可能会损害植物。因此，汤姆决定只使用一种肥料。他选择了 A X200R。汤姆指示亚历克斯和本尼购买化学品 A X200R 并仅使用这种肥料。亚历克斯自愿为本尼和他自己购买几瓶这种化学品。几周后，汤姆去他的花园散步。他意识到他的一些植物比以前更漂亮、更大了。然而，他也意识到他的一些植物已经失去了美丽的颜色并枯萎了。这让汤姆非常悲伤和反思。他想知道植物的干燥是否与施肥有关。他想调查此事并与亚历克斯和本尼交谈。亚历克斯告诉他，他按照汤姆的指示，只购买并使用了化学品 A X200R。然而，本尼告诉他，他已经使用了化学品 B Y33R。他家里还有几瓶这种化学品库存，想用完。汤姆意识到园丁施用了 A X200R 和 B Y33R 的花坛中的植物已经干枯了。是本尼导致植物变干吗？
选项：
- 是的
- 不",Yes
"一个典型的人会如何回答以下有关因果关系的问题？
约翰站在电车轨道附近。约翰注意到电车的刹车失灵了。五名工人正在背对铁轨进行作业。约翰看到失控的电车正驶向五名工人，如果继续按目前的路线行驶，他们将被杀死。拯救这五名工人的唯一方法是按下开关，将手推车转到侧轨上。而且，铁轨上还有一只背着身子的狗。约翰知道，如果他按下开关，五个工人和狗就会得救。约翰想：“我根本不在乎拯救那只狗。”我只是想救那五个工人。”约翰决定按下开关。果然，电车在侧轨上转弯，主轨上的五名工人和狗得救了。约翰是故意救狗的吗？
选项：
- 是的
- 不",No
"一个典型的人会如何回答以下有关因果关系的问题？
机器的设置方式是，如果黑线和红线同时接触电池，机器就会短路。如果其中一根电线接触到电池，机器不会短路。黑线被指定为应该接触电池的那根线，而红线应该保留在机器的其他部分。有一天，黑线和红线最终同时接触到电池。存在短路。难道是红线接触电池导致机器短路？
选项：
- 是的
- 不",Yes
"一个典型的人会如何回答以下有关因果关系的问题？
在 Bash Ball 中，敌方球队试图通过进入对方球队的区域来得分。每支球队都有两种类型的球员：Bashers 和 Runners。比赛期间，Bashers 保持在同一个位置，试图用球击中对方的跑垒员，而跑垒员则尝试进入对方的区域而不被击中。扎克、哈蒙和其他几个朋友正在一个团队中与另一支团队玩 Bash Ball。扎克是一名击打者，哈蒙是一名跑步者。在比赛中的某个时刻，扎克发现另一队的一名击球手在一棵树后面。后来，哈蒙经过扎克。扎克知道自己不被允许与跑者交谈，因此没有告诉哈蒙对方队伍的巴舍尔在哪里。不久之后，扎克发现的猛击者用猛击球击中了哈蒙。哈蒙将缺席余下的比赛。 Harmon 退出比赛是因为 Zach 没有告诉 Harmon 对方队的 Basher 在哪里吗？
选项：
- 是的
- 不",No
"一个典型的人会如何回答以下有关因果关系的问题？
比尔的妻子苏周末不在城里。她给比尔留言说：“我刚刚看到了这个奇妙的书立。”它被称为巴特利特书立。好漂亮！我明天就回去拿一个。它非常适合我们书架的左侧。”比尔去看望他的朋友。比尔和他的朋友聊了一会儿，当比尔问他的朋友是否愿意卖掉书挡时，他的朋友告诉他这是一件珍贵的传家宝，他不能放弃它。比尔等到他的朋友在浴室里时，才将书立塞进包里。最后，比尔离开了他朋友的家，包里装着偷来的右侧巴特利特书立。第二天，苏去买了左边的巴特利特书立。所以，当苏回到家时，他们有了成对的书立。是苏让他们拥有了成对的书挡吗？
选项：
- 是的
- 不",No
"一个典型的人会如何回答以下有关因果关系的问题？
Laurie喜欢GC品牌的咖啡。 GC 正在为其新咖啡口味进行新的促销活动，顾客可以获得免费样品。如果客户之前从 GC 购买过咖啡豆并且订阅了 GC 电子邮件列表，他们将收到免费样品。 Laurie 之前曾从 GC 购买过咖啡豆，但她没有订阅 GC 电子邮件列表。当劳里听到促销消息时，她检查了自己是否订阅了电子邮件列表，结果发现自己没有订阅。因此，她更改了订阅状态，并订阅了电子邮件列表。因为如果客户之前从 GC 购买了咖啡豆并且订阅了 GC 电子邮件列表，他们将收到免费样品，因此 Laurie 会收到免费样品。 Laurie 是否因为更改了订阅状态而收到了免费样品？
选项：
- 是的
- 不",Yes
"一个典型的人会如何回答以下有关因果关系的问题？
一家公司研发部门的代表向董事会汇报说：“我们正在考虑启动一个新项目。这将有助于我们增加利润，但也会损害环境。”董事会的答复是：“我们根本不在乎破坏环境。我们只想赚取尽可能多的利润。让我们开始新计划吧。”果然，该计划损害了环境。该董事会是否故意破坏环境？
选项：
- 是的
- 不",Yes
"一个典型的人会如何回答以下有关因果关系的问题？
在 Bash Ball 中，敌方球队试图通过进入对方球队的区域来得分。每支球队都有两种类型的球员：Bashers 和 Runners。比赛期间，Bashers 保持在同一个位置，试图用球击中对方的跑垒员，而跑垒员则尝试进入对方的区域而不被击中。扎克、哈蒙和其他几个朋友正在一个团队中与另一支团队玩 Bash Ball。扎克是一名击打者，哈蒙是一名跑步者。在比赛中的某个时刻，扎克发现另一队的一名击球手在一棵树后面。后来，哈蒙经过扎克。扎克知道自己可以与跑者交谈，因此没有告诉哈蒙对方队伍的巴舍尔在哪里。不久之后，扎克发现的猛击者用猛击球击中了哈蒙。哈蒙将缺席余下的比赛。 Harmon 退出比赛是因为 Zach 没有告诉 Harmon 对方队的 Basher 在哪里吗？
选项：
- 是的
- 不",Yes
"一个典型的人会如何回答以下有关因果关系的问题？
一家公司的首席执行官正坐在办公室里，这时他的研发副总裁进来说：“我们正在考虑启动一个新项目。”这将帮助我们增加利润，同时也有利于环境。”首席执行官回应说，他并不关心损害环境，只是想赚取尽可能多的利润。该计划得以实施，利润得以实现，环境也得到了改善。 CEO是否有意帮助环境？
选项：
- 是的
- 不",No
"一个典型的人会如何回答以下有关因果关系的问题？
一家公司研发部门的代表向董事会汇报并表示：“我们正在考虑启动一个新计划。这将有助于我们增加利润，同时也有利于环境。”董事会由三名成员组成：本森、富兰克林和索雷尔。由于种种原因，他们每个人都亲自反对该计划并试图阻止其实施。然而，他们有义务遵守董事会的标准决策协议，这使得他们的个人观点没有机会影响决策。因此，根据公司的业务政策并为了利润最大化，实施了新计划。该决定由董事会主席唐纳德·富兰克林宣布，他的主要职责是“指导和调解董事会在组织优先事项和治理问题方面的行动”。果然，这个项目利润丰厚，环境也得到了改善。董事会是否有意帮助环境？
选项：
- 是的
- 不",No
"一个典型的人会如何回答以下有关因果关系的问题？
比利和苏西继承了一种不寻常的混合动力汽车，它有两个称为巴特利特电池的特殊汽车电池。除非至少有一块巴特利特电池，否则汽车将无法启动。启动汽车不需要第二块巴特利特电池。当他们拿到车时，两块巴特利特电池都不见了。有一天，比利和苏西都出门了。比利正在拜访他朋友的家，并注意到他的朋友有一块巴特利特电池。比利让他的朋友把电池卖给他，但他的朋友说他不能卖，因为他自己的车需要它。比利等到他的朋友进入浴室，然后从他的朋友那里偷走了巴特利特电池。与此同时，在城镇的另一边，苏西走进一家汽车零部件商店，碰巧注意到他们有一块巴特利特电池库存。苏西决定从商店购买巴特利特电池。当比利和苏西回家后，他们安装了两块巴特利特电池。由于汽车至少需要一块巴特利特电池，所以他们能够启动汽车。比利让汽车能够启动了吗？
选项：
- 是的
- 不",No
"一个典型的人会如何回答以下有关因果关系的问题？
如果您在公司的电子邮件列表中，公司将向其客户发送免费咖啡样品。看到您没有订阅，您通过单击链接更改订阅状态，稍后您会收到免费样品。您是否因为更改了订阅状态而收到了免费样品？
选项：
- 是的
- 不",Yes
"一个典型的人会如何回答以下有关因果关系的问题？
比利和苏西是货运列车售票员。有一天，他们碰巧同时从相反的方向接近一座古老的双向铁路桥。桥的两边都有信号灯。比利的信号灯是红色的，所以他应该停下来等待。苏西的信号灯是绿色的，所以她应该立即开车过去。他们都没有意识到这座桥正处于倒塌的边缘。如果他们中的任何一个将火车开上桥，桥就会倒塌。这两列火车本身的重量都足以压垮这座桥。比利决定忽略他的信号，立即将他的火车开上桥，与此同时，苏西遵循她的信号，将她的火车开上桥。两列火车同时驶上桥，就在那一刻桥崩塌了。桥梁垮塌是比利造成的吗？
选项：
- 是的
- 不",No
"一个典型的人会如何回答以下有关因果关系的问题？
一名狙击手奉命杀死一名敌方指挥官。所以，在自己就位之后，他终于看到了敌方指挥官。然而，在扣动扳机之前，狙击手意识到枪声可能会提醒其他敌方士兵他的存在。但狙击手根本不在乎这些——他只想射击他的目标。于是，他扣动了扳机——从而射杀了指挥官。不幸的是，敌方士兵注意到了他的存在。狙击手是否故意提醒敌人他的存在？
选项：
- 是的
- 不",No
"一个典型的人会如何回答以下有关因果关系的问题？
乔正要去郊区的一所学校接他的孩子。在停车场，他停下来和朋友聊天。由于迟迟没有接儿子，乔的邻居等了15分钟乔才出现，用自己的车把孩子带回家。在回家的路上，邻居的车被醉酒司机撞了。乔的儿子是唯一受重伤的受害者，腿部严重受伤。乔造成了他儿子的伤害吗？
选项：
- 是的
- 不",Yes
"一个典型的人会如何回答以下有关因果关系的问题？
爱丽丝和佐伊在同一家公司工作。他们在不同的房间工作，有时都需要访问公司的中央计算机。殊不知，如果两个人同时登录中央计算机，一些包含重要客户信息的工作电子邮件会立即从中央计算机中删除。为了确保始终有一个人可以接听来电，该公司发布了以下官方政策：Alice 是唯一被允许在早上登录中央计算机的人，而 Zoe 是唯一被允许在早上登录中央计算机的人。下午登录中央计算机。有一天，佐伊违反官方政策，于上午 9 点登录中央计算机。同一天，Alice 也于上午 9 点登录。一些包含重要客户信息的工作电子邮件立即从中央计算机中删除。 Zoe 是否导致一些包含重要客户信息的工作电子邮件从中央计算机中删除？
选项：
- 是的
- 不",Yes
"一个典型的人会如何回答以下有关因果关系的问题？
乔感觉很脱水，所以他去了当地的冰沙店买了最大容量的饮料。点餐前，收银员告诉他，现在超大杯冰沙比以前多了一美元。乔回答说：“我不在乎是否要多付一美元，我只是想要你拥有的最大的冰沙。”果然，乔收到了超大号冰沙，并多付了一美元。乔是故意多付一美元的吗？
选项：
- 是的
- 不",Yes
"一个典型的人会如何回答以下有关因果关系的问题？
一家公司研发部门的代表向董事会汇报说：“我们正在考虑启动一个新项目。这将有助于我们增加利润，但也会损害环境。”董事会由三名成员组成：本森、富兰克林和索雷尔。由于种种原因，他们每个人都亲自反对该计划并试图阻止其实施。然而，他们有义务遵守董事会的标准决策协议，这使得他们的个人观点没有机会影响决策。因此，根据公司的业务政策并为了利润最大化，实施了新计划。果然，这个项目利润丰厚，但环境却受到了损害。该董事会是否故意破坏环境？
选项：
- 是的
- 不",Yes
"一个典型的人会如何回答以下有关因果关系的问题？
机器的设置方式是，如果黑线和红线同时接触电池，机器就会短路。如果其中一根电线接触到电池，机器不会短路。黑线被指定为应该接触电池的那根线，而红线应该保留在机器的其他部分。有一天，黑线和红线最终同时接触到电池。存在短路。是不是红线短路了？
选项：
- 是的
- 不",Yes
"一个典型的人会如何回答以下有关因果关系的问题？
汤姆有一个很大的花园并且喜欢花。他雇用了两名园丁：亚历克斯 (Alex) 和本尼 (Benni) 来照顾他 30 个花坛上的植物。两人都可以独立决定自己的工作时间并安排谁照顾哪些花坛。亚历克斯和本尼非常可靠，汤姆对他们的工作很满意。尽管如此，他还是希望优化植物的生长。由于汤姆在一本杂志上读到，植物受精后会长得更好，因此他决定让亚历克斯和本尼给他的植物施肥。该杂志建议使用化学品 A X200R 或 B Y33R，因为两者都特别有效。然而，汤姆还了解到，当植物接触多种不同类型的化学物质时，它可能会损害植物。因此，汤姆决定只使用一种肥料。他选择了 A X200R。不久之后，当汤姆在花园里遇见亚历克斯时，他指示他购买化学品 A X200R 并仅使用这种肥料。他还明确指示他告诉本尼只使用A X200R。亚历克斯自愿为本尼和他自己购买几瓶这种化学品，并将汤姆的指示告诉本尼。几周后，汤姆去他的花园散步。他意识到他的一些植物比以前更漂亮、更大了。然而，他也意识到他的一些植物已经失去了美丽的颜色并枯萎了。这让汤姆非常悲伤和反思。他想知道植物的干燥是否与施肥有关。他想调查此事并与亚历克斯和本尼交谈。经过一番审讯，亚历克斯最终承认，他曾告诉本尼，汤姆希望他们购买并使用化学品 B Y33R，而不是 A X200R。他希望本尼使用错误的肥料并被解雇，因为他想有更多的工作时间来赚更多的钱。他自己只用过A X200R。本尼告诉汤姆，亚历克斯告诉他他们只能使用 B Y33R。因此，他只使用了 B Y33R，而不知道 Tom 实际上想让两个园丁都使用 A X200R。汤姆意识到园丁施用了 A X200R 和 B Y33R 的花坛中的植物已经干枯了。亚历克斯是否导致植物变干？
选项：
- 是的
- 不",Yes
"一个典型的人会如何回答以下有关因果关系的问题？
很久以前，约翰只有 17 岁，他在一家大型制造公司找到了一份工作。他一开始在一条装配线上工作，领取最低工资，但在公司工作几年后，他可以在两个生产线经理职位之间进行选择。他可以留在他目前工作的木工部门。或者他可以调到塑料部门。约翰不确定该做什么，因为他喜欢在木制品部门工作，但他也认为尝试不同的东西可能值得。他最终决定转到塑料部门并尝试一些新的东西。过去 30 年来，John 一直在塑料部门担任生产线主管。第一年后，塑料部门搬到了另一座拥有更多空间的大楼。不幸的是，约翰在那里工作了很多年，接触到了石棉这种高度致癌的物质。大部分塑料部门都相当安全，但约翰工作的一小部分却接触到了石棉纤维。现在，尽管约翰一生中从未吸过烟，并且过着健康的生活方式，但他在 50 岁时却患有高度进展且无法治愈的肺癌。约翰看过三位癌症专家，他们都确诊了最严重的情况：除了疼痛之外，约翰的癌症无法治愈，而且他绝对肯定很快就会死于此病（医生估计不会超过两个月）。昨天，当约翰在医院进行例行医疗预约时，一名新护士不小心给他服用了错误的药物。约翰对该药物过敏，他立即休克并出现心脏骤停（心脏病发作）。医生试图让他苏醒，但他在服药几分钟后就去世了。护士的粗心导致约翰过早死亡吗？
选项：
- 是的
- 不",Yes
