مدخل,هدف
لدي فلوت وبيانو وترومبون وأربعة مواقد وكمان وأكورديون وكلارينيت وطبل ومصباحان وبوق. كم عدد الآلات الموسيقية لدي؟,8
لدي تفاحة ، وثلاث موزات ، وفراولة ، وخوخ ، وثلاثة برتقالات ، وخوخ ، وتوت ، وعنبان ، ونكتارين ، وتوت أسود. كم عدد الفاكهة لدي؟,15
لدي ثلاجة وكرسي وميكروويف. كم عدد الأشياء التي أمتلكها؟,3
لدي ثلاث حبات من التوت الأسود ، واثنتان من الفراولة ، وتفاحة ، وثلاث حبات برتقال ، ونكتارين ، وعنب ، وخوخ ، وموز ، وبرقوق. كم عدد الفاكهة لدي؟,14
لدي أريكة وفرن وجهازي ميكروويف وثلاجة. كم عدد الأشياء التي أمتلكها؟,5
لدي سمكة ودب وضفدع. كم عدد الحيوانات لدي؟,3
لدي سيارة ومحمصة. كم عدد الأشياء التي أمتلكها؟,2
لدي بلاك بيري ، وخوخ ، ونكتارين ، وخوخ ، وتوت ، وبرتقال ، وفراولة ، وموز ، وتفاحتان ، وأربع حبات عنب. كم عدد الفاكهة لدي؟,14
لدي بطاطا ، قرنبيط ، ثوم ، رأسان من الخس ، رأس قرنبيط ، بطاطس ، ساق من الكرفس ، وبصل. كم عدد الخضروات لدي؟,9
لدي موقد وكرسي وطاولتين ومحمصة وثلاجة وثلاثة أسرة وأريكة. كم عدد الأشياء التي أمتلكها؟,10
لدي كرسي وموقد وطاولة ومصباحان وسرير وأريكة ومحمصة وميكروويف وسيارة. كم عدد الأشياء التي أمتلكها؟,10
لدي ثلاث بطاطا ، رأس خس ، بصل ، بطاطس ، ملفوف ، جزر ، رأسان من البروكلي ، وسيقان من الكرفس. كم عدد الخضروات لدي؟,12
لدي بيانو وفلوت وأربعة آلات موسيقية. كم عدد الآلات الموسيقية لدي؟,6
لدي دجاجة ، وضفدع ، وفأر ، وقطة ، وخنازيران ، وأرانبان. كم عدد الحيوانات لدي؟,8
لدي بوق ، وكلارينيت ، وترومبون ، وفلوت ، وخمسة كمان ، وبيانو. كم عدد الآلات الموسيقية لدي؟,11
لدي بطة وخوخ وفراولة وسمكة ودجاجتان ودب وموزة. كم عدد الحيوانات لدي؟,5
لدي ميكروويف وطاولة وثلاجة وموقد وفرن ومحمصة وأريكة وأربع سيارات. كم عدد الأشياء التي أمتلكها؟,11
لدي ثلاث ثلاجات وسرير وخمس مواقد. كم عدد الأشياء التي أمتلكها؟,9
لدي بلاك بيري ، والبرقوق ، والموز. كم عدد الفاكهة لدي؟,3
لدي بيانو وترومبون وكلارينيت وماعز وأكورديون وبوق. كم عدد الآلات الموسيقية لدي؟,5
لدي ثلاجة وكرسي وسرير وفرن وميكروويف وسيارة. كم عدد الأشياء التي أمتلكها؟,6
لدي موقد وسرير ومصباح وثلاثة أجهزة ميكروويف وكرسي ومحمصة وطاولة وسيارتين وثلاجة وفرن. كم عدد الأشياء التي أمتلكها؟,13
لدي فلوت ، واثنين من الكلارينيت ، وبيانو ، وكمان ، وثلاثة أكورديون. كم عدد الآلات الموسيقية لدي؟,8
لدي بطاطا ، قرنبيط ، سرير ، ملفوفان ، ثوم ، فرن ، جزرة ، رأس قرنبيط ، بطاطس ، ساق كرفس ، رأس خس ، ومحمصة. كم عدد الخضروات لدي؟,10
لدي بطاطس ، وبطاطا ، ورأسان من البروكلي ، وقرنبيط. كم عدد الخضروات لدي؟,5
لدي رأسان من البروكلي وتفاحة ورأس خس وبصلان. كم عدد الخضروات لدي؟,5
لدي طبلة وأكورديون وكمان. كم عدد الآلات الموسيقية لدي؟,3
لدي رأس من البروكلي ، وملفوف ، ورأس خس ، وبصل ، وجزر ، وثوم ، وبطاطا. كم عدد الخضروات لدي؟,7
لدي قرنبيط وساق كرفس وملفوف وثوم. كم عدد الخضروات لدي؟,4
لدي بيانو ، وأكورديون ، وثلاثة ترومبون ، وخمسة كلارينيت ، وكمان ، وطبل ، وبوق ، وثلاثة مزامير. كم عدد الآلات الموسيقية لدي؟,16
لديّ برتقالة ، وثلاث فراولة ، وتفاحة ، وثلاثة موزات ، وثلاث حبات من التوت ، وخوخ ، وبلاك بيري ، وعنب ، وبرقوق ، ونكتارين. كم عدد الفاكهة لدي؟,17
لدي ميكروويف ومصباح وأربع سيارات وموقد ومحمصة وسرير. كم عدد الأشياء التي أمتلكها؟,9
لدي أريكتان ومحمصة وكرسيان وأربعة أفران ميكروويف وطاولة ومصباح. كم عدد الأشياء التي أمتلكها؟,11
لديّ برتقالة وتفاحة وبلاك بيري. كم عدد الفاكهة لدي؟,3
لدي فلوت وأكورديون. كم عدد الآلات الموسيقية لدي؟,2
لدي فأر وأرنب وكلب وبطة وماعزان. كم عدد الحيوانات لدي؟,6
لدي سرير وثلاجة ومصباح ومحمصة وأربعة كراسي وطاولة. كم عدد الأشياء التي أمتلكها؟,9
لدي بوق وأكورديون وثلاثة كلارينيت وكمان. كم عدد الآلات الموسيقية لدي؟,6
لدي توت عنب وبرتقال. كم عدد الفاكهة لدي؟,3
لدي ثلاثة برتقالات ، وخنزير ، وضفدع ، وبقرة ، وثلاثة موزات ، ورحيق ، وحلزون. كم عدد الحيوانات لدي؟,4
لديّ موزة ، وأربع حبات من الفراولة ، وتفاحة ، وخوختان ، وخوخ ، وبلاك بيري ، وتوتان. كم عدد الفاكهة لدي؟,12
لدي بيانو وترومبون. كم عدد الآلات الموسيقية لدي؟,2
لدي ترومبون وكمان وكلارينيت وأكورديون وأربعة مزامير وبوق وطبلان وبيانو. كم عدد الآلات الموسيقية لدي؟,12
لدي دب ، وكلب ، وبقرة ، وقطة ، وخنازير ، وحمار ، وسمكة ، وضفدع ، وماعزان. كم عدد الحيوانات لدي؟,11
لدي ثلاجة وفرن وسيارة ومحمصة وميكروويف وطاولة وسرير. كم عدد الأشياء التي أمتلكها؟,7
لدي حمار ودجاجة وخنزير وحلزون. كم عدد الحيوانات لدي؟,4
لدي بوق وأربعة ترومبون وأكورديون وكلارينيت وكمان وطبل. كم عدد الآلات الموسيقية لدي؟,9
لدي جزرة وبصل وساق كرفس وثلاث بطاطا وثوم ورأس بروكلي وبطاطا. كم عدد الخضروات لدي؟,9
لدي فلوت ، وبوق ، وثلاثة أكورديون ، وثلاثة كمان ، وطبل ، وثلاثة كلارينيت ، وترومبون. كم عدد الآلات الموسيقية لدي؟,13
لدي توت أسود ، توت ، خوخ ، رأس بروكلي ، برقوق ، برتقال ، موزتان ، عنب ، ثومان ، نكتارين ، رأس خس ، وتفاحة. كم عدد الفاكهة لدي؟,10
لدي سيقان من الكرفس ، وثومتان ، وبطاطس ، وثلاثة رؤوس من البروكلي ، وجزرة ، وبطاطا. كم عدد الخضروات لدي؟,10
لدي أربعة جزر ، وملفوف ، وبصل ، ورأس من القرنبيط ، وبطاطا ، وساق كرفس ، ورأس خس ، وبطاطس ، وثلاثة قرنبيط. كم عدد الخضروات لدي؟,14
لدي ساق من الكرفس ، وبراميلان ، وبصلتان ، وجزرة ، وأكورديون ، وبطاطا ، وملفوف ، ورأس خس ، وبطاطس ، ورأس من القرنبيط. كم عدد الخضروات لدي؟,9
لدي ضفدع وفأر. كم عدد الحيوانات لدي؟,2
لدي سيارة وثلاثة أرائك ومحمصة وميكروويف وموقد ومصباح وكرسيان وفرن. كم عدد الأشياء التي أمتلكها؟,11
لدي بوق وموقد وترومبون ومزامير وثلاثة كلارينيت. كم عدد الآلات الموسيقية لدي؟,7
لدي فأر وخنزير وأربع أسماك وحمار وأرنب وكلب وثلاث ماعز وبطة وثلاث دجاجات. كم عدد الحيوانات لدي؟,16
لدي أربعة نكتارين ، وثلاثة موزات ، وخوخ ، وفراولة ، وتوت ، وبرقوق ، وتفاحة ، وبرتقالة. كم عدد الفاكهة لدي؟,13
لدي أرنب ، وكلب ، وثعبان ، وضفدع ، وخنزير ، وبقرة ، وفأر ، وقطة ، وبطة ، وماعز. كم عدد الحيوانات لدي؟,11
لدي سريرين وموقد وميكروويف وطاولة وثلاجة ومصباح ومحمصة. كم عدد الأشياء التي أمتلكها؟,8
لدي ثلاثة قرنبيط ، رأس خس ، ملفوف ، جزر ، ثلاث ثوم ، ثلاثة بصل ، ثلاثة رؤوس من البروكلي ، ساق كرفس ، بطاطا وبطاطا. كم عدد الخضروات لدي؟,18
لدي أرنب وضفدع وحلزون. كم عدد الحيوانات لدي؟,3
لدي نكتارين ، وحمصتان ، وبرتقالة ، وأربعة خوخ ، وتفاحة ، وفراولة ، وبرقوق. كم عدد الفاكهة لدي؟,9
لدي ماعز وضفدع وخمسة خنازير ودب. كم عدد الحيوانات لدي؟,8
لدي ثلاث نكتارين ، خوخ ، تفاحة ، فراولة ، ثلاث حبات توت ، موزة ، وبرقوق. كم عدد الفاكهة لدي؟,11
لدي بقرة وثلاثة فئران وكلب وبطة وثعبان. كم عدد الحيوانات لدي؟,8
لدي عنب ، وبرقوق. كم عدد الفاكهة لدي؟,2
لدي أربعة مصابيح وثلاجة وسرير وسيارة ومحمصة وموقد. كم عدد الأشياء التي أمتلكها؟,9
لدي كلارينيت وترومبون. كم عدد الآلات الموسيقية لدي؟,2
لدي بوق وناي وأكورديون وترومبون. كم عدد الآلات الموسيقية لدي؟,4
لدي أربعة برتقالات ، وخوخ ، وبرقوق ، وثلاثة تفاحات ، وثلاثة عنب ، وتوتان ، ونكتارين ، وفراولة ، وبلاك بيري ، وموزة. كم عدد الفاكهة لدي؟,18
لدي كلب وخنزير وحلزون. كم عدد الحيوانات لدي؟,3
لدي محمصان وسرير وبطاطا وبصلتان وكرسي. كم عدد الخضروات لدي؟,3
لدي أفران ميكروويف وثلاجة وكرسي وسيارة وأريكتين ومحمصة وموقد ومصباح وسرير. كم عدد الأشياء التي أمتلكها؟,11
لدي خنزير وبقرة وثلاثة ضفادع وحمار وثعبان ودجاجة وقطة وحلزون وأربعة فئران وثلاثة دببة. كم عدد الحيوانات لدي؟,17
لدي رأس خس وملفوف وخمسة بصل وبطاطس وثلاثة سيقان كرفس وقرنبيط وثوم وبطاطا وأربعة رؤوس من البروكلي. كم عدد الخضروات لدي؟,18
لدي ثوم وملفوف وبصل ورأس بروكلي وبطاطا وبطاطا. كم عدد الخضروات لدي؟,7
لدي أربعة أرائك وسرير وطاولة ومصباح. كم عدد الأشياء التي أمتلكها؟,7
لدي ثلاثة نكتارين ، تفاحة ، برقوق ، فراولة ، عنب ، ثلاثة برتقالات ، توت ، وبلاك بيري. كم عدد الفاكهة لدي؟,12
لدي فرن وكرسي ومحمصان وطاولة وميكروويف ومصباح وأريكة وسريرين وثلاجة. كم عدد الأشياء التي أمتلكها؟,12
لديّ موزة وتوتان وثلاث حبات من العليق وتفاحة وبرتقالة. كم عدد الفاكهة لدي؟,8
لدي ترومبون وأكورديون وأربعة كلارينيت وبوق. كم عدد الآلات الموسيقية لدي؟,7
لدي رأس خس ، وقرنبيط ، وبطاطا ، وملفوفان ، وأربعة رؤوس بروكلي ، وبطاطس ، وثوم ، وجزر ، وساق من الكرفس ، وبصل. كم عدد الخضروات لدي؟,14
لدي رأس من البروكلي ، وجزرة ، وسيقان من الكرفس ، وملفوف ، وبصلتان ، وثومتان ، وقرنبيط ، وبطاطا ، ورأس خس. كم عدد الخضروات لدي؟,12
لدي ترومبون ، وفلوت ، وكمان ، وأكورديون ، وبيانو ، وبوق. كم عدد الآلات الموسيقية لدي؟,6
لدي ثوم ، ملفوف ، ساق كرفس ، خمسة جزر ، رأس خس ، أربعة رؤوس من البروكلي ، بطاطس ، بصل ، وبطاطا. كم عدد الخضروات لدي؟,17
لدي بوق ، وكمان ، وكلارينيت ، وأكورديون ، وبيانو ، وحلزون ، وسمكة ، وترومبون ، وطبل ، وناي. كم عدد الآلات الموسيقية لدي؟,9
لدي حبتان من التوت الأسود ، وتفاحة ، وعنب ، وفراولة ، وخوخ ، وبرتقالتان ، وحبتان من الخوخ ، وموزتان. كم عدد الفاكهة لدي؟,12
لدي مصباح وفرن وأربعة أرائك وكرسي وثلاجة ومحمصة وميكروويف وسرير وسيارة وطاولة. كم عدد الأشياء التي أمتلكها؟,13
لدي قرنبيط وملفوف وثوم ورأس خس وبصل ورأس بروكلي وبطاطس وجزر. كم عدد الخضروات لدي؟,8
لدي خوخ ، وأكورديون ، واثنين من الكلارينيت ، وطبل ، وتوت ، وعنبان ، ونكتارين. كم عدد الفاكهة لدي؟,5
لدي حبة برقوق وتفاح وعنبتين وبرتقالة وأربع حبات توت وفراولة ونكتارين وبلاك بيري وموزة. كم عدد الفاكهة لدي؟,13
لدي فأر وأربعة حلزون ودجاجة وقطة وثلاثة خنازير وثعبان وسمكة وماعز ودب وكلب. كم عدد الحيوانات لدي؟,15
لدي ترومبون وبوق وكلارينيت وطبل وكمان وبيانو وأكورديون وناي. كم عدد الآلات الموسيقية لدي؟,8
لدي ملفوف ، ساق كرفس ، رأس قرنبيط ، بطاطس ، بصل ، قرنبيط ، ثومان ، يام ، وجزران. كم عدد الخضروات لدي؟,11
لدي عنب ، تفاحة ، فراولة ، نكتارين ، موزة ، حبتان من التوت ، وبرقوق. كم عدد الفاكهة لدي؟,8
لدي اثنين من الجزر والثوم والبصل ورأس من القرنبيط. كم عدد الخضروات لدي؟,5
لدي ثلاجتان وطاولة ومحمصة وكرسي وسرير وفرن وأريكة وسيارة وأربعة أفران ميكروويف وموقد. كم عدد الأشياء التي أمتلكها؟,14
لدي خوخ وثلاث قطط وتوت. كم عدد الفاكهة لدي؟,2
لدي بصلة وضفدع وقرنبيط وبطة وثوم. كم عدد الخضروات لدي؟,3
لدي ثلاثة رؤوس من البروكلي ، واثنان من الثوم ، وجزرة ، وملفوف ، وقرنبيط ، وبطاطس ، ورأس خس ، وساق من الكرفس. كم عدد الخضروات لدي؟,11
لدي ثلاجة وكرسي وثلاثة أسرة وأربعة أفران ميكروويف وفرن وطاولة. كم عدد الأشياء التي أمتلكها؟,11
لدي ثلاثة ملفوف وجزرة وسيقان كرفس وبصل. كم عدد الخضروات لدي؟,7
لدي طاولة وثلاث سيارات. كم عدد الأشياء التي أمتلكها؟,4
لدي دب ، وثعبان ، وأرنب ، وميكروويف ، وماعز ، وثلاث قطط. كم عدد الحيوانات لدي؟,8
لدي ميكروويف وسرير وأريكة. كم عدد الأشياء التي أمتلكها؟,3
لدي كرسي ومحمصة وميكروويف. كم عدد الأشياء التي أمتلكها؟,3
لدي برتقالة وجزرة ورأس بروكلي وثلاثة كرنب وساق كرفس وقرنبيط ورأس خس وبطاطا. كم عدد الخضروات لدي؟,9
لدي أكورديون ، وثلاثة ماعز ، وبقرتان ، وخنزير ، وأرنب ، وثعبان ، وبوق. كم عدد الحيوانات لدي؟,8
لدي ثلاثة سيقان من الكرفس ، وبطة ، وبطاطا ، ورأس من البروكلي ، وأربعة خنازير ، وثوم. كم عدد الخضروات لدي؟,6
لدي أكورديون وكلارينيت وثلاث طبول. كم عدد الآلات الموسيقية لدي؟,5
لدي خوخ وتوت ونكتارين. كم عدد الفاكهة لدي؟,3
لدي بطاطس ، وخمس سيقان كرفس ، وبطاطا ، وثوم ، ورأسان من الخس ، وملفوف ، ورأس من البروكلي. كم عدد الخضروات لدي؟,12
لدي كلارينيت ، وترومبون ، وخمسة أبواق ، وبيانو. كم عدد الآلات الموسيقية لدي؟,9
لدي حمار وماعز وبقرة. كم عدد الحيوانات لدي؟,3
لدي فلوت وترومبون. كم عدد الآلات الموسيقية لدي؟,2
لدي حبة برقوق وموز وتفاحة وثلاثة حبات عنب وبرتقال وخوخ وبلاك بيري واثنان من الفراولة. كم عدد الفاكهة لدي؟,11
لدي بقرتان وسمكة ودجاجة وثعبان وفئران. كم عدد الحيوانات لدي؟,7
لدي ترومبون وكمان وأكورديون وطبل وبوق وخمس آلات بيانو وفلوت وكلارينيت. كم عدد الآلات الموسيقية لدي؟,12
لدي كلارينيت ، وأكورديون ، وملفوف ، ومزامير ، وبيانو ، وطبل ، وترومبون ، ورأس خس ، واثنين من آلات الكمان. كم عدد الآلات الموسيقية لدي؟,9
لدي فرن وسرير وثلاثة أرائك وسيارة ومصباح وميكروويف وأربع طاولات ومحمصة وموقد وكرسي. كم عدد الأشياء التي أمتلكها؟,15
لدي رأس من البروكلي ، وجزر ، وبطاطس ، وبطاطا ، وقرنبيط. كم عدد الخضروات لدي؟,5
لدي بطاطس وجزران وقرنبيط وبصل وثلاثة ثوم ورأسان من البروكلي. كم عدد الخضروات لدي؟,10
لدي ماعز وسمكة وبيانو وكمان وترومبون ودجاجة وأربعة كلارينيت وطبل وأكورديون. كم عدد الآلات الموسيقية لدي؟,9
لدي موقد وسرير وخمس سيارات وأريكة ومحمصة وثلاجتان وكرسي ومصباح. كم عدد الأشياء التي أمتلكها؟,13
لدي دجاجة ، وحلزون ، وثلاثة كلاب ، وثعبان ، وماعز. كم عدد الحيوانات لدي؟,7
لدي محمصة وسرير وموقد وسيارة وميكروويف ومصباح وطاولة. كم عدد الأشياء التي أمتلكها؟,7
لدي مصباح وأريكتان وثلاجتان وفرنان وسرير. كم عدد الأشياء التي أمتلكها؟,8
لديّ طبلة ، وثلاثة مزامير ، وبوق ، وبيانو ، وترومبون. كم عدد الآلات الموسيقية لدي؟,7
لدي حبتان عنب وخوخ. كم عدد الفاكهة لدي؟,3
لدي ترومبون وكلارينيت وطبل. كم عدد الآلات الموسيقية لدي؟,3
لدي خنزير وحمار. كم عدد الحيوانات لدي؟,2
لدي أريكة وفرن وأربع محمصات وسيارة ومصباح وخمس طاولات وكرسي وموقد وسرير. كم عدد الأشياء التي أمتلكها؟,16
لدي ميكروويف وسرير. كم عدد الأشياء التي أمتلكها؟,2
لدي دب وفأر وموزة وثعبان. كم عدد الحيوانات لدي؟,3
لدي ثلاثة آلات ترومبون ، وطبل ، وبوق ، وكلارينيت ، وفلوت ، وبيانو ، وعازفتان كمان. كم عدد الآلات الموسيقية لدي؟,10
لدي خوخ ، وبرتقال ، وتفاحة ، وتوت ، وعنب ، وبلاك بيري ، وبرقوق ، وفراولة. كم عدد الفاكهة لدي؟,8
لدي بيانو واثنين من الأكورديون وكمان وفلوت وطبل. كم عدد الآلات الموسيقية لدي؟,6
لدي توت ، عنب ، فراولة ، برقوق ، وموز. كم عدد الفاكهة لدي؟,5
لديّ يام وجزر ورأس خس وبطاطس وأربع ثوم ورأس من البروكلي. كم عدد الخضروات لدي؟,9
لدي كرسي واثنين من أجهزة الميكروويف. كم عدد الأشياء التي أمتلكها؟,3
لدي سيارة وكرسي وثلاث محمصات وأربعة مواقد وثلاجتان وسرير وأربعة أفران. كم عدد الأشياء التي أمتلكها؟,16
لدي برتقالة ، وبرقوق ، ونكتارين ، وعنب ، وموزة. كم عدد الفاكهة لدي؟,6
لدي ثوم ، وبصل ، وبطاطا ، وقرنبيط ، وملفوف ، ورأس بروكلي ، وبطاطس ، ورأس خس. كم عدد الخضروات لدي؟,10
لدي سيارة ، وتفاحتان ، وموزة ، وثلاثة نكتارين ، وطاولة ، وبرتقالة ، وثلاجة ، وتوت. كم عدد الفاكهة لدي؟,8
لدي عنب ، فراولة ، برتقالة ، ثمرتان ، أربعة تفاحات ، برقوق ، ونكتارين. كم عدد الفاكهة لدي؟,11
لدي طبلة وكمان وثلاثة ترومبون ومزامير وبيانو وأكورديون. كم عدد الآلات الموسيقية لدي؟,9
لدي قطة وسمكة. كم عدد الحيوانات لدي؟,2
لدي رأس من البروكلي ، وبطاطا. كم عدد الخضروات لدي؟,2
لدي سيارة وموقد وكرسيان وميكروويف ومصباح ومحمصة وسرير. كم عدد الأشياء التي أمتلكها؟,8
لدي أريكة وسرير وسيارة وثلاجة وطاولتين وفرن ومحمصة وكرسي. كم عدد الأشياء التي أمتلكها؟,9
لدي رأس من البروكلي وملفوف. كم عدد الخضروات لدي؟,2
لدي أربعة حلزون وبقرة. كم عدد الحيوانات لدي؟,5
لدي حبة برقوق ، وموز ، ونكتارين ، وفراولة ، وبلاك بيري ، واثنين من البرتقال ، وتوت ، وخوخ. كم عدد الفاكهة لدي؟,9
لدي موزة ونكتارين وتوت وتفاح وخوخ. كم عدد الفاكهة لدي؟,5
لدي تفاحة ، برقوق ، توت أسود ، توت ، ثلاث فراولة ، وموز. كم عدد الفاكهة لدي؟,8
لدي بوق وبيانو وناي وثعبان وثلاثة أكورديون وكمان وطبل وكلارينيت وترومبون. كم عدد الآلات الموسيقية لدي؟,10
لدي طاولة وفراولة وثلاث نكتارين. كم عدد الفاكهة لدي؟,4
لدي بصل وجزر وبطاطس وبطاطا وثلاثة رؤوس خس واثنان من القرنبيط وثوم وملفوف. كم عدد الخضروات لدي؟,11
لدي ثلاث بطاطس ، وجزر ، وثعبان ، وبطاطا ، وقرنبيط ، وساق من الكرفس ، وثوم. كم عدد الخضروات لدي؟,8
لدي موزة وتوت وفراولة وخوخ وبلاك بيري وعنب. كم عدد الفاكهة لدي؟,6
لدي ترومبون ، وفلوت ، ونكتارين ، وكمان ، وفراولة ، وخوخ ، وعنب. كم عدد الفاكهة لدي؟,5
لدي ثلاثة رؤوس من البروكلي ، وقرنبيطان ، وبطاطا ورأس خس. كم عدد الخضروات لدي؟,7
لدي رأس خس ، وبطاطا ، وملفوف ، وساق كرفس ، وثلاثة رؤوس من البروكلي ، وثوم ، وبصل ، وجزر ، وقرنبيط ، وبطاطس. كم عدد الخضروات لدي؟,13
لديّ برتقالة وتوت وفراولة وتفاحة وبلاك بيري ونكتارين وخوخ وموز وبرقوق. كم عدد الفاكهة لدي؟,9
لدي ملفوف وأربعة سيقان كرفس وثومان وثلاثة جزر وبطاطا وقرنبيط ورأس خس ورأسان من البروكلي وميكروويف وبصل. كم عدد الخضروات لدي؟,16
لدي فرن وتفاحة وثلاث موزات وطاولة وعنبان. كم عدد الفاكهة لدي؟,6
لدي رأس خس ، ساق كرفس ، بطاطا ، قرنبيط ، جزر ، بصلتان ، بطاطس ، وثلاثة كرنب. كم عدد الخضروات لدي؟,13
لدي محمصة وطاولة وثلاجة. كم عدد الأشياء التي أمتلكها؟,3
لدي كرسيان ومحمصة وفرن وطاولة وأريكة. كم عدد الأشياء التي أمتلكها؟,6
لدي ترومبون ، وثلاثة كلارينيت ، وأكورديون ، وكمانين ، وفلوت ، وطبل ، وبوق ، وبيانو. كم عدد الآلات الموسيقية لدي؟,11
لدي ثوم وبصل. كم عدد الخضروات لدي؟,2
لدي عنب وموز وبلاك بيري. كم عدد الفاكهة لدي؟,3
لدي ثلاث ثعابين ، قطة ، دب ، ماعزان ، دجاجة ، حمار ، سيارة ، وسمكة. كم عدد الحيوانات لدي؟,10
لدي سمكة ، وثعبان ، ورأس خس ، وفأر ، وأربعة دببة ، وأرنب ، وخنزير ، وثلاثة ماعز ، وبقرة ، واثنين من الحلزون. كم عدد الحيوانات لدي؟,15
لدي بطاطس ، وجزرة ، وبصلتان ، وقرنبيط ، وبرقوق ، ورأس خس ، وخمسة أعواد كرفس ، وبطاطا. كم عدد الخضروات لدي؟,12
لدي فرن وسرير ومصباح وكرسي وثلاجة وميكروويف ومحمصة. كم عدد الأشياء التي أمتلكها؟,7
لدي سمكتان وأربع قطط ودجاجتان وفأر وماعز. كم عدد الحيوانات لدي؟,10
لدي محمصة وسرير وسيارة وثلاجة. كم عدد الأشياء التي أمتلكها؟,4
لدي فأر ، ضفدع ، حلزونان ، رأس خس ، بصل ، ماعز ، قطة ، سمكة ، بقرة ، خنزير ، أربع بطات ، وأرنب. كم عدد الحيوانات لدي؟,14
لدي حمار ، وحلزون ، وخنزير ، ودجاجة ، وسمكة ، وفأر ، وقطة. كم عدد الحيوانات لدي؟,7
لدي ثوم ، وملفوف ، وبطاطا ، وجزرة ، وساق من الكرفس. كم عدد الخضروات لدي؟,5
لدي ميكروويف وكرسي. كم عدد الأشياء التي أمتلكها؟,2
لدي ثلاث حلزون ، ثعبان ، حمار ، وأرنب. كم عدد الحيوانات لدي؟,6
لدي كمان وطبل وناي وبوق وكلارينيت. كم عدد الآلات الموسيقية لدي؟,6
لدي أريكة ، وسيارة ، وموقد ، وكرسي ، وفرن ، ومحمصة ، وسرير ، ومصباحان ، وثلاجة. كم عدد الأشياء التي أمتلكها؟,10
لدي أربعة أرائك وميكروويف وطاولة وكرسي وثلاجة وأربعة مواقد ومصباح وسيارة وفرن ومحمصة. كم عدد الأشياء التي أمتلكها؟,16
لدي عنب وتفاحة وموز. كم عدد الفاكهة لدي؟,3
لدي اثنين من التوت الأسود ، وعنب. كم عدد الفاكهة لدي؟,3
لدي بقرتان ، حلزون ، سمكة ، فأر ، ثعبان ، وضفدع. كم عدد الحيوانات لدي؟,7
لدي سيقان من الكرفس وجزرة ورأس خس وبصل. كم عدد الخضروات لدي؟,5
لدي بصلة وبطاطا وملفوف وكرسي وساق كرفس ورأس بروكلي وقرنبيط وسيارة وبطاطس وثلاجة. كم عدد الخضروات لدي؟,7
لدي جزرة ورأس بروكلي. كم عدد الخضروات لدي؟,2
لدي كلب ودجاجة وأربع قواقع. كم عدد الحيوانات لدي؟,6
لدي بقرة وكلبان وفأر وحمار وحلزون وثعبان وقطة وخنزير ودب وثلاثة أرانب. كم عدد الحيوانات لدي؟,13
لديّ طبلة ، وأربعة آلات بيانو ، واثنين من أكورديون ، وجزرة ، وساق من الكرفس ، وثلاثة مزامير ، وقرنبيط ، وكمان ، وكلارينيت ، وترومبون ، وبوقان. كم عدد الآلات الموسيقية لدي؟,15
لدي كلارينيت وبوق وطبل وبيانو وأكورديون. كم عدد الآلات الموسيقية لدي؟,5
لدي موقد وطاولتان وثلاث محمصات وثلاجة ومصباح وميكروويف وثلاثة كراسي وسرير وسيارة وأريكة. كم عدد الأشياء التي أمتلكها؟,15
لدي أربع قرنبيط ، ثوم ، ملفوف ، بطاطس ، رأس بروكلي ، ثلاث بطاطا ، رأس خس ، بصل ، وجزر. كم عدد الخضروات لدي؟,14
لدي حلزون وكرسي وبطة وقطة ومحمصة وسمكة ودجاجة وفرنان وبقرة وفئران وأرنب. كم عدد الحيوانات لدي؟,9
لدي توت ، برقوق ، فراولة ، عنب ، موزة ، بلاك بيري ، وتفاحة. كم عدد الفاكهة لدي؟,7
لدي تفاحة ، واثنان من التوت الأسود. كم عدد الفاكهة لدي؟,3
لدي رأس خس وثلاثة رؤوس من البروكلي وجزرة. كم عدد الخضروات لدي؟,5
لدي كمان ، بيانو ، طبلة ، مزماران ، ترومبون ، أكورديون ، بوق ، عنزة ، وكلارينيت. كم عدد الآلات الموسيقية لدي؟,10
لدي مصباحان ، واثنين من أفران الميكروويف. كم عدد الأشياء التي أمتلكها؟,4
لدي عنب ، وبرقوق ، واثنان من التوت الأسود ، وتوت العليق ، وموزة. كم عدد الفاكهة لدي؟,6
لدي بطاطا ، ساق كرفس ، بطاطس ، ملفوف ، قرنبيط ، بصل ، رأس خس ، رأس قرنبيط ، جزر ، وثوم. كم عدد الخضروات لدي؟,11
لدي محمصة وموقد ومصباح وطاولة. كم عدد الأشياء التي أمتلكها؟,4
لدي موقد وميكروويف وأريكة ومصباح وكرسي وفرن وثلاجة وثلاثة أسرة. كم عدد الأشياء التي أمتلكها؟,10
لدي رأسان من البروكلي ، وملفوف ، ورأس خس ، وبطاطا ، وبصل ، وساق من الكرفس ، وبطاطس ، وأربعة ثوم ، وقرنبيط. كم عدد الخضروات لدي؟,13
لدي كلب وفأر ومحمصة وطاولة. كم عدد الحيوانات لدي؟,2
لدي حلزون ، وكلب ، وثلاث قطط ، وسمكة ، ودجاجتان ، وحمار ، وأربعة أرانب ، وبقرة ، وثعبان ، وبطة. كم عدد الحيوانات لدي؟,17
لدي ثلاثة مزامير ، وترومبون ، واثنين من البيانو ، وأكورديون ، وبوق. كم عدد الآلات الموسيقية لدي؟,8
لدي ترومبون وبوق وبيانو وكلارينيت وفلوت وكمان وأكورديون وطبل. كم عدد الآلات الموسيقية لدي؟,8
لدي طاولة ، وبطاطا ، وقرنبيط ، وملفوفان ، ورأس بروكلي ، وبطاطس ، وبصل ، وثومان. كم عدد الخضروات لدي؟,10
لدي فرن وطاولة ومصباح وثلاثة أرائك ومحمصة وميكروويف وسرير. كم عدد الأشياء التي أمتلكها؟,9
لدي ثلاجة وسرير ومحمصة وسيارة وميكروويف وكرسي ومصباح وطاولة وأريكة وموقدين. كم عدد الأشياء التي أمتلكها؟,11
لدي محمصة وسيارة وطاولة. كم عدد الأشياء التي أمتلكها؟,3
لدي بطاطس وملفوف وقرنبيط وبطة وبصل ورأس خس وثوم ودب ورأس بروكلي وجزر ودجاجة وثلاث بطاطا. كم عدد الخضروات لدي؟,11
لدي موقد وميكرويف وطاولة وفرن ومحمصة وأربعة كراسي وسيارة وثلاجة. كم عدد الأشياء التي أمتلكها؟,12
لدي حمار وأرنب وسمكة وخمس قطط. كم عدد الحيوانات لدي؟,8
لدي خوخ ونكتارين وموز وتوت وبطة. كم عدد الفاكهة لدي؟,4
لدي بطاطا ورأسان من الخس ورأس من البروكلي. كم عدد الخضروات لدي؟,4
لدي فرن وسرير ومحمصة. كم عدد الأشياء التي أمتلكها؟,3
لدي تفاحة ، ورأس من البروكلي ، ونكتارين ، وعنب ، وموز ، وبصل ، وتوت ، وفراولة ، واثنان من الخوخ ، واثنان من البرقوق ، وبرتقالة ، وثلاث حبات من التوت الأسود. كم عدد الفاكهة لدي؟,14
لدي خوخ ، وبرقوق ، وبلاك بيري ، وتفاحة. كم عدد الفاكهة لدي؟,4
لدي ثلاث طبول ، وفلوت ، وكلارينيت ، وكمانين ، وبوق. كم عدد الآلات الموسيقية لدي؟,8
لدي ثلاثة آلات كمان ، وثلاثة آلات ترومبون ، وفلوت ، وأربعة أبواق. كم عدد الآلات الموسيقية لدي؟,11
لدي رأس خس ، ملفوف ، بطاطس ، قرنبيط ، يام ، بصل ، ورأسان من البروكلي. كم عدد الخضروات لدي؟,8
لدي سيارتان وفرن. كم عدد الأشياء التي أمتلكها؟,3
لدي بطة ، قطة ، ضفدع ، فأر ، خنزير ، أرنب ، ثعبان ، دب ، وثلاثة ماعز. كم عدد الحيوانات لدي؟,12
لدي كلارينيت وأريكة وناي وأربعة كراسي وخمسة ترومبون وطبل وبوق وكمان وأكورديون. كم عدد الآلات الموسيقية لدي؟,11
لدي برتقالة ، عنب ، فراولة ، ثلاث تفاحات ، برقوق ، موزة ، توت ، توت أسود ، نكتارين ، وثلاث حبات خوخ. كم عدد الفاكهة لدي؟,14
لدي سيارة وثلاجة وفرن ومحمصة وأريكة وثلاثة مصابيح وخمسة كراسي وموقد وميكروويف. كم عدد الأشياء التي أمتلكها؟,15
لدي بوق وطبل وأكورديون وبيانو. كم عدد الآلات الموسيقية لدي؟,4
لدي أربعة آلات بيانو ، وأربعة قواقع ، وثلاث دجاجات ، وخنزير ، وكلب ، وبقرتان. كم عدد الحيوانات لدي؟,11
لدي بوق وطبل وبيانو وفلوت وترومبون. كم عدد الآلات الموسيقية لدي؟,6
لدي بصل وجزران وبطاطس وساق كرفس ورأس بروكلي وقرنبيط وملفوف ورأس خس وثوم وبطاطا. كم عدد الخضروات لدي؟,12
لدي خنزير وسمكة وفأر وضفدع وكلب وأرنب وحمار ودجاج وبطة. كم عدد الحيوانات لدي؟,9
لدي يام ، ثوم ، رأس خس ، بطاطس ، مصباح ، جزرة ، رأسان من البروكلي ، ساق من الكرفس ، بصل ، وثلاثة كرنب. كم عدد الخضروات لدي؟,12
لدي رأس من البروكلي ، وبصل ، وثوم ، وجزران ، ورأس خس ، وملفوفان ، وقرنبيط ، وساق كرفس ، وبطاطس ، وبطاطا. كم عدد الخضروات لدي؟,14
لدي بطة وبقرة وحمار وفأر ودب وثعبان وحلزون وماعز. كم عدد الحيوانات لدي؟,8
لدي ثلاثة أرائك ومصباح وموقد وطاولة وثلاجة وميكروويف. كم عدد الأشياء التي أمتلكها؟,8
لديّ طبلة ، وبيانو ، وكلارينيت ، وأربعة كمان ، وفلوت ، وبوقان. كم عدد الآلات الموسيقية لدي؟,10
لدي بيانو ، وأكورديون ، وترومبون ، واثنين من الكلارينيت ، واثنين من آلات الكمان ، وبوق ، وفلوت ، وطبل. كم عدد الآلات الموسيقية لدي؟,10
لدي ماعز وبرتقال ونكتارين وثلاثة خوخ وأربع فراولة. كم عدد الفاكهة لدي؟,9
لدي كرسي وطاولة وأريكة وموقد وسيارة ومصباح وثلاجة. كم عدد الأشياء التي أمتلكها؟,7
لدي سمكة وحلزون وأرانبان. كم عدد الحيوانات لدي؟,4
لدي أريكة وسريرين وثلاجة وفرن ومصباح وطاولة. كم عدد الأشياء التي أمتلكها؟,7
لدي رأس من البروكلي ، وأربع ثوم ، وبطاطا ، وساق من الكرفس ، وملفوف ، وبطاطس ، وبصل ، وأربعة رؤوس خس ، وقرنبيط. كم عدد الخضروات لدي؟,16
