aporte,objetivo
Ordena alfabéticamente las siguientes palabras: Lista: síndrome del mismo,síndrome derivado del mismo
Ordene las siguientes palabras alfabéticamente: Lista: emoción balbuceo pánico quemar mismo punto prod obstétrico malton responsabilidad tambor delmarva granero malversarlo&t húmedo gurú subsistir totalidad verde,granero húmedo delmarva punto parche malversar la totalidad gurú greene it&t malton responsabilidad obstétrica entrar en pánico pinchar el mismo chisporroteo chamuscar subsistir emoción
Ordene alfabéticamente las siguientes palabras: Lista: vegetate artillery harm fda doris prosody bainita mono incongruente vivian,bainita de artillería doris FDA daño incongruente mono prosodia vegetate vivian
Ordene alfabéticamente las siguientes palabras: Lista: sioux fortescue purloin percept helmsman,Fortescue timonel percibir robo sioux
Ordene alfabéticamente las siguientes palabras: Lista: contrabando de tren indiferente,contrabando tren indiferente
Ordene las siguientes palabras alfabéticamente: Lista: conferencia aparición ignorar dutton laico cupé supersticioso hacia el oeste desvío mensajero copra floruit implemento primitivo,aparición conferencia copra coupe dutton floruit ignorar implementar laico mensajero primitivo supersticioso desvío hacia el oeste
Ordene las siguientes palabras alfabéticamente: Lista: covalente spiderwort horowitz divisivo espiritual cheshire afluente gedeon cuadratura julio maní épsilon diagnosticador grover folklore gótico saliente,rico cheshire diagnosticador covalente divisivo épsilon folklore gedeón gótico grover horowitz julio maní cuadratura saliente araña espiritual
Ordene las siguientes palabras alfabéticamente: Lista: euclidiano Stonehenge pasatiempo nublado atractivo invitar ahorrativo luchar majestuoso escena de oleada de cítricos,cítricos nublado euclidiano lucha hobby invitar escena majestuosa oleada de Stonehenge ahorrativo atractivo
Ordene alfabéticamente las siguientes palabras: Lista: trueno hisopo construido polonia,construido polonia hisopo trueno
Ordene alfabéticamente las siguientes palabras: Lista: arrepentimiento starlight wallboard cotyledon more pepperoni,cotiledón más pepperoni arrepentimiento tablero de luz de las estrellas
Ordena alfabéticamente las siguientes palabras: Lista: burley bela arapaho bacteria bock,bacteria arapaho bela bock burley
Ordene las siguientes palabras alfabéticamente: Lista: delicioso sideral térmico yakima siena gorky sajón escocés figurativo hidroxilo diecisiete napolitano alboroto nervio lucha destino llanura títere cuchillos asignados,destino asignado figural gorky luchar hidroxilo cuchillos nervio napolitano Plainfield alboroto sajón escocés delicioso diecisiete sideral siena títere térmico yakima
Ordena alfabéticamente las siguientes palabras: Lista: lucrativo tienes túnel tiro con arco novia coqueta politipia barbudo radix arlen lockwood teem oficioso,tiro con arco arlen barbudo novia coqueta lockwood lucrativo oficioso politipia radix teem túnel tienes
Ordene las siguientes palabras alfabéticamente: Lista: gentil boletus galveston anilina eddy fontainebleau wile escandaloso deportistas de skat,anilina boletus eddy fontainebleau galveston gentil escandaloso skat deportistas astutos
Ordene alfabéticamente las siguientes palabras: Lista: pata de gallo escrupuloso fogata contraste purgatorio,fogata contraste purgatorio pata de gallo escrupuloso
Ordene alfabéticamente las siguientes palabras: Lista: desnudo censo intrínseco antorcha tiempo de espera enfermo humildad enganchado exaltación patrístico paregórico gnomon polilla triste manatí oblicuo estresante,desnudo censo exaltación gnomon humildad enfermo intrínseco manatí polilla oblicuo paregórico patrístico engancharse triste estresante tiempo de espera antorcha
Ordene las siguientes palabras alfabéticamente: Lista: potra pirotécnica de marlborough tendero pedal transitivo plaqueta entregar landau hotbox tío siemens ira arpillera gneiss convoy ninebark adviento plat Stapleton,advenimiento ira convoy entregar potra gneis tendero arpillera hotbox landau marlborough ninebark plat plaqueta pirotécnico siemens Stapleton transitivo pedal tío
Ordena alfabéticamente las siguientes palabras: Lista: filamentoso semáforo espadaña audaz xilófono sensate municipal harris interventor campo de batalla rubicund,audaz campo de batalla espadaña harris filamentoso interventor municipal rubicundo semáforo sensate xilófono
Ordene alfabéticamente las siguientes palabras: Lista: condado cuantificar clavo o'connell falso bauer poole venecia acelerar nominado pasa putnam,acelerar el condado de bauer clavo nominado o'connell falso poole putnam cuantificar pasas venecia
Ordene alfabéticamente las siguientes palabras: Lista: bituminous ami decadent knickerbocker exeter,ami bituminoso decadente exeter knickerbocker
Ordena alfabéticamente las siguientes palabras: Lista: slurp raytheon gloucester,sorber de gloucester raytheon
Ordene alfabéticamente las siguientes palabras: Lista: clorato glidden incentivo manatí spurt lavoisier judicatory,clorato glidden incentivo judicial lavoisier manatí chorro
Ordene las siguientes palabras alfabéticamente: Lista: no debería lorenz runneth ceñido plastisol barrido aquelarre etrusco perturbar,el aquelarre perturba al etrusco lorenz plastisol runneth no debe ser barrido
Ordene alfabéticamente las siguientes palabras: Lista: shreveport gamut berg multiplexor bluish puerto subliminal,Berg azulado gama multiplexor puerto shreveport subliminal
Ordene las siguientes palabras alfabéticamente: Lista: hipótesis chiflado croupier astillero hogar pecarí triodo juglar nepotismo madera aserradora mantica información confesar serenata resumen deber de plata mandato de marga,confesar croupier chiflado deber en el astillero hipótesis del hogar información marga mandato juglar mántico nepotismo pecarí madera de aserrar serenata plata suma triodo
Ordene las siguientes palabras alfabéticamente: Lista: campeón rompecabezas aclamación tubería exento gadwall hipotálamo encuadernado en tela pastilla sensorial hayes conclusión delirante colorante capucha concha mercancía abundante sarcástico adolescente,aclamación campeón encuadernado en tela mercancía conclusión delirante colorante exento gadwall hayes capucha hipotálamo rompecabezas pastilla tubería abundante sarcástico concha sensorial adolescente
Ordene alfabéticamente las siguientes palabras: Lista: dinástico inflamable pinchazo tristán viciar aparejo estancado conglomerado nebulosas fosfuro,conglomerado dinástico nebulosas inflamables fosfuro pinchazo estancado abordar tristán viciar
Ordene alfabéticamente las siguientes palabras: Lista: dateline jill langmuir pipeta hogar,pipeta jill langmuir hogar dateline
Ordene alfabéticamente las siguientes palabras: Lista: punta abo fronda indistinguible accionista gasificar pasajero buenaventura brazada oscilatorio referencial guayana pancreático a través de la embriología herman dictatorial cremar,abo brazada buenaventura cremar embriología dictatorial fronda gasificar guiana herman indistinguible pasajero pancreático oscilatorio accionista referencial a través de punta
Ordene alfabéticamente las siguientes palabras: Lista: heteroestructura bertrand cuidadoso con qué libra párpado finge sureste pasta recorte,bertrand cuidado párpado fingir heteroestructura libra pegar cortar sureste con qué
Ordene las siguientes palabras alfabéticamente: Lista: summand cure gloria tyke dudoso extoller entropía crujido procesal cottrell litigante bolonia,bolonia cottrell cura crepitante entropía dudosa exaltador gloria litigante demanda procesal niño
Ordene las siguientes palabras alfabéticamente: Lista: inflamación depresión schiller jacqueline darkle piano hongos sojourn macaque joanne gobble negrita sst,negrita darkle hongos engullir inflamación jacqueline joanne macaco piano schiller depresión estancia sst
Ordene alfabéticamente las siguientes palabras: Lista: trueno fase geld,trueno de la fase del dinero
Ordene las siguientes palabras alfabéticamente: Lista: convair asustar ciudadano matorral alpiste fatídico calmar extenso billón adonis sureste tormentoso judaica nido suponer contaminante,adonis alpiste ciudadano contaminante convair extenso fatídico asustar judaica matorral calmar sureste tormentoso suponer billón nido
Ordene alfabéticamente las siguientes palabras: Lista: dulse kowalewski yew político,dulse kowalewski político tejo
Ordene las siguientes palabras alfabéticamente: Lista: odessa fórmulas de baile manto dietético costo apiñarse resplandeciente bolchevismo proust calidez fecha límite progenie vacilante palacio raqueta judson fomentar belice de tercera mano,belice bolchevismo costo danza fecha límite fórmulas dietéticas fomentar grupo vacilante manto de judson odessa palacio progenie proust ruidoso resplandeciente calidez de tercera mano
Ordene alfabéticamente las siguientes palabras: Lista: mohawk tebas arrogante celidonia fe hostil harold diploma octavia,celidonia diploma fe harold mohawk hostil octavia altivo tebas
Ordene alfabéticamente las siguientes palabras: Lista: emisión sobre trabajo capricho paseo en fairfax crepé prig cómplice az doff ruido circuncírculo té distancia entre ejes pleura encantamiento viaducto coral camión,cómplice az circuncírculo coral ruido crepe doff emisión fairfax encantamiento camión laboral pleura mojigato paseo té sobre viaducto distancia entre ejes capricho
Ordena alfabéticamente las siguientes palabras: Lista: kenia beth,beth kenia
Ordena alfabéticamente las siguientes palabras: Lista: ampliar envidia,ampliar la envidia
Ordene las siguientes palabras alfabéticamente: Lista: flaco sharon sudan terroso parentesco hola recluso anunciar co clayton carpa fonético watson nimbus,anunciar carpa clayton co terroso hola recluso nimbus paternidad fonético sharon flaco sudán watson
Ordene alfabéticamente las siguientes palabras: Lista: blutwurst horizonte uranyl arraign portentoso faber rancho peste glaciar conveniente discreto,procesar blutwurst conveniente horizonte glaciar faber discreto peste portentoso rancho uranyl
Ordene alfabéticamente las siguientes palabras: Lista: yeager bengal fettle,bengala yeager
Ordene alfabéticamente las siguientes palabras: Lista: tuba synapse inaudible brewster tithing,Tuba del diezmo sinapsis inaudible de Brewster
Ordene las siguientes palabras alfabéticamente: Lista: mafioso de invierno uf marrón fleabane alargado corteza ipsilateral cabello diminutivo trapezoidal tipo richfield highfalutin borough pie delphinium cosec abstracto,abstractas ciudad marrón corteza cosec delfinio diminutivo fleabane pie chico pelo presuntuoso ipsilateral alargado mafioso richfield trapezoidal uf invierno
Ordene alfabéticamente las siguientes palabras: Lista: episodio programa de molibdeno gallina sparkman calabaza marietta pedante salto vinagreta berra,berra calabaza episodio gallina marietta molibdeno pedante abalanzarse programa sparkman vinagreta
Ordene alfabéticamente las siguientes palabras: Lista: aberdeen swazilandia vivaz analógico caballete caducifolio,aberdeen analógico caducifolio caballete vivaz suazilandia
Ordene alfabéticamente las siguientes palabras: Lista: stephen amperage protocolo crimea farther ridlery tech insolent ping,amperaje crimea más insolente protocolo de ping burlas stephen tech
Ordene las siguientes palabras alfabéticamente: Lista: keller frame hippodrome bungle yema anheuser pronta juntos spidery chaperon miterwort,anheuser chapuza acompañante marco hipódromo keller miterwort rápido araña juntos yema
Ordene las siguientes palabras alfabéticamente: Lista: punto de referencia piloto ensoñación hacha prorratear hacer una mueca máquina loess semental anfibio porcentaje casaca roja placa base se hundió ayudar wehr regreso a casa ell pensativo,anfibio ayudar placa base punto de referencia ell hacha regreso a casa loess máquina porcentaje piloto prorratear casaca roja ensueño se hundió semental pensativo wehr hacer una mueca
Ordena alfabéticamente las siguientes palabras: Lista: hat core soneto discreto,soneto de sombrero discreto central
Ordene las siguientes palabras alfabéticamente: Lista: marimba retrofit alfabeto birmingham filología moda educar mecánico cantonés aficionado séquito,alfabeto birmingham cantonés educar séquito moda aficionado marimba mecánico filología modernización
Ordene alfabéticamente las siguientes palabras: Lista: nogal scoot jugoslavia retrorocket poliedro,jugoslavia poliedro retrorocket scoot nuez
Ordene alfabéticamente las siguientes palabras: Lista: impedir aparato pulitzer superior,aparato impide la superioridad del Pulitzer
Ordene las siguientes palabras alfabéticamente: Lista: indique atolladero depredador intestino ventajoso mariscal a través de mezcla de directriz de vuelo de contrabando,a través de mezcla directriz vuelo tripa indican mariscal depredador atolladero contrabando ventaja
Ordene las siguientes palabras alfabéticamente: Lista: puntada acero hacer indomable peluca cubículo gavilla piqué timina exótica buen freno mental nick rajá linaje elegir conejito drone caballero,freno conejito caballero elegir cubículo drone exótico bueno indomable linaje mental nick piqué rajá gavilla steelmake puntada timina peluca
Ordene las siguientes palabras alfabéticamente: Lista: arriba prometeo roto coexistir grande dominar oliva tornillo tercera mano irritar,arriba grande roto coexistir dominar irritar oliva prometheus tornillo de tercera mano
Ordene las siguientes palabras alfabéticamente: Lista: plebiscito colombo inviolado atolladero garry magnanimidad satánica eneas notoriedad nevada punto de apoyo glicerina lucre tennyson tipo escritura pompeyo softbol spleenwort zorro,eneas colombo punto de apoyo zorro garry glicerina inviolado lucre magnanimidad nevada notoriedad plebiscito pompey atolladero satánico inscripción softbol spleenwort tennyson tipo
Ordene las siguientes palabras alfabéticamente: Lista: ow codo educación crédulo awash inane vestido bateau scottsdale auxin eutéctico jurisprudencial pirueta shockley nepenthe minino schwartz muérdago diario de viaje,auxin inundado bateau codo vestido eutéctico crédulo tonto jurisprudencial muérdago nepenthe ow pirueta minino schwartz scottsdale shockley cuaderno de viaje educación
Ordene alfabéticamente las siguientes palabras: Lista: tipoff fructosa coleus huracán citar tularemia irreducible wier improbable cola blanca vesper paradero,citar coleus fructosa huracán improbable irreductible aviso tularemia vesper paradero cola blanca wier
Ordene las siguientes palabras alfabéticamente: Lista: delmarva mosca sierra aroma asentir carcinógeno parroquial gracioso designar programa de estudios reunión,aroma carcinógeno delmarva designar gracioso asentir parroquial rally mosca sierra programa de estudios
Ordene las siguientes palabras alfabéticamente: Lista: alimentación legal spavin hecatombe maja penacho figura pastoso da incienso ondulado medio piedra negra tel obstinación pasta de dientes caza sumidero,Blackstone alimentar figural da hecatombe caza incienso medio obstinación pastoso mortero penacho sumidero spavin estatutario tel pasta de dientes ondulado
Ordene las siguientes palabras alfabéticamente: Lista: análisis multipropiedad blueback telefonía usa falter credencial erda geofísica fireproof den shibboleth swampland keynote porte stonewort testimonial augustine guitar meter,análisis augustine blueback credencial den erda vacilar a prueba de fuego geofísica guitarra keynote metro porte shibboleth stonewort pantano telefonía testimonial tiempo compartido estados unidos
Ordene alfabéticamente las siguientes palabras: Lista: comet pincer snippet manley injun portavoz hidrato heusen cocksure,engreído cometa heusen hidrato indio manley pinza fragmento portavoz
Ordene las siguientes palabras alfabéticamente: Lista: millón boone calcedonia sinaí satén gentil alternativo caridad antiguo,alternativa boone calcedonia caridad gentil millón antiguo satén sinaí
Ordene alfabéticamente las siguientes palabras: Lista: yuca voluntaria limnología fabuloso séptimo cubo sauce kitakyushu secuela senescente chuchería longitud,chuchería cubo fabuloso kitakyushu longitud limnología senescente secuela séptimo voluntario sauce yuca
Ordene alfabéticamente las siguientes palabras: Lista: ballena nevins puré pusey proteína pullman beneficio squeamish río improvisar,beneficio improvisar proteína nevins puré pullman río pusey ballena aprensiva
Ordene las siguientes palabras alfabéticamente: Lista: estudiantes de primer año pegging dale bartok cabra martinson grito badinage brunswick fraternidad alelo dar ustedes mismos dun antropocéntrico desterrar starkey monómero morfémico desolador,alelo antropocéntrico badinage desterrar a bartok brunswick dale dar desolador dun fraternidad cabra monómero martinson vinculación morfémica starkey estudiantes de primer año griten
Ordena alfabéticamente las siguientes palabras: Lista: sortie neff nicodemus,sobrino Nicodemo salida
Ordene las siguientes palabras alfabéticamente: Lista: berniece bremsstrahlung hoe avalanche showroom goff dactylic befriend rush housekeep lanka gilbertson posterior flick bong de aquí en adelante metazoan,avalancha hacerse amigo berniece bong bremsstrahlung película dactílica gilbertson goff en el futuro azada limpieza prisa lanka metazoo sala de exposición posterior
Ordene las siguientes palabras alfabéticamente: Lista: testy trench sin reumático escalofrío orfanato functor zorn butadieno spec racy heck flair bola de nieve bobo,bobo estilo butadieno functor diablos orfanato picante reumático escalofrío pecado bola de nieve especificación irritable trinchera zorn
Ordene las siguientes palabras alfabéticamente: Lista: laúd escaldadura nikko megohm sojourn tallador de madera anteus hi caw hija gloria terminal schroedinger impermeable de magnesio helvetica devonshire,antaeus caw hija devonshire gloria helvetica hola laúd magnesio megohm nikko impermeable escaldadura schroedinger estancia terminal tallador de madera
Ordene alfabéticamente las siguientes palabras: Lista: sonido consternado tarifa bendito proximidad cuestionarios xerxes buxton,bendito buxton consternado pruebas de proximidad tarifa de sonido xerxes
Ordene alfabéticamente las siguientes palabras: Lista: xilema neoclásico resto cuadragésimo marshall wiley transmitir experimento gemir kudo diezmar incautos z's,transmitir diezmar experimento cuadragésimo imprudente kudo marshall neoclásico resto gemir wiley xylem z's
Ordene las siguientes palabras alfabéticamente: Lista: murk pvc singlete yeats musulmán cocheros clérigos compañero gazpacho embarcar prístino granular cojear engordar asignar demasiado niggle chauncey triple coddington,asignar chauncey clérigos cocheros coddington compañero embarcarse engordar gazpacho granular cojear oscuridad musulmán molestar prístino camiseta de pvc triple también yeats
Ordene alfabéticamente las siguientes palabras: Lista: tedioso sorteo introvertido cochera leña,cochera leña introvertido sorteo cansado
Ordene las siguientes palabras alfabéticamente: Lista: zinc coriolano cuero bandoleros más orientales hurgar chuleta almizclada crujido sináptico cielo paula astigmat musculoso ahijado juvenil,astigmatismo juvenil coriolano crujido chuleta ahijado más oriental cielo bandoleros cuero musculoso almizclado paula buscar zinc sináptico
Ordene alfabéticamente las siguientes palabras: Lista: zumbido bucólico oblongo,zumbido bucólico y oblongo
Ordene las siguientes palabras alfabéticamente: Lista: rocío betelgeuse inexplicable elegante mancha tao carnoso azul rastro lavado lira grossman época caudal lado del camino carbón cianuro,betelgeuse azul caudal carbonizado cianuro rocío época grossman inexplicable lira carnoso elegante mancha tao sendero lavar junto al sendero
Ordene las siguientes palabras alfabéticamente: Lista: obstinado reflujo interior visible llanura jurásica mamaria cardamomo inmediato licenciante deslizamiento de tierra valquiria matón críptico insuperable nassau,matón cardamomo reflujo críptico llanura inmediatamente insuperable interior jurásico deslizamiento de tierra licenciante mamario nassau obstinado valquiria visible
Ordene las siguientes palabras alfabéticamente: Lista: neal ortodoncista soja expatriado elliot unipolar ann cometh blake confirmatorio casual arrugado carbondale ahorcable degum obispo shenandoah telégrafo asignar esmoquin,asignar ann obispado blake carbondale casual viene confirmatorio arrugado degum elliot expatriado ahorcable neal ortodoncista shenandoah telégrafo de soja esmoquin unipolar
Ordene las siguientes palabras alfabéticamente: Lista: juego mate aldebaran indicio tablero de fibra pulsar forma junto al lago mcgee relojería boj emprendedor examen repollo patio trasero poliedros cara luminosa fila rae invencible,aldebaran patio trasero boj repollo emprendedor tablero de fibra juego indicio invencible junto al lago lightface mate mcgee examinar poliedros pulsar rae rowley forma relojería
Ordene alfabéticamente las siguientes palabras: Lista: ecosistema nublado hurón nudoso,ecosistema nublado hurón nudoso
Ordene las siguientes palabras alfabéticamente: Lista: definitiva traducir agresión arachne largo sanford espectador asplenium gneis sureste,agresión arachne asplenium espectador definido gneis largo sanford sureste traducir
Ordene alfabéticamente las siguientes palabras: Lista: chasis caruso corporal signora,caruso chassis corporal signora
Ordene las siguientes palabras alfabéticamente: Lista: nv menlo boyd contrapeso surco spumoni intangible sin ovipositor ocultar detergente acosador,acosando a boyd contrapeso detergente ranura ocultar intangible menlo nv ovipositor sans spumoni
Ordene las siguientes palabras alfabéticamente: Lista: betony bronzy cargo cordial artesanía jabalí collet clemens contrabando posesión malla centauro contemporáneo macmahon estudiante de primer año monterey dorado contravariante regina,betony jabalí contrabando centauro bronceado carga clemens collet contemporáneo contravariante cordial dorado artesanía macmahon malla monterey posesión regina estudiante de primer año
Ordene alfabéticamente las siguientes palabras: Lista: mezcla pasarela dejar de lado panameño reacio higgins succión irremediable chateaux ofertorio malthusiano coordinar tunis pecos equino,mezcla pasarela castillos coordinar equino higgins irremediable malthusian ofertorio panameño pecos reacio dejar de lado succión túnez
Ordene alfabéticamente las siguientes palabras: Lista: wreak hidebound ancho de banda,problema oculto del ancho de banda
Ordene alfabéticamente las siguientes palabras: Lista: arroyo ambiente voltímetro secretario apropiable intimidar breccia o'connor surtout perplejo cupón martinson terrestre faze tímpano cinco veces mil millones social,ambiente apropiable arroyo mil millones brecha cupón tímpano perturbar quíntuple intimidar martinson o'connor perplejo secretario social surtout terrestre voltímetro
Ordene las siguientes palabras alfabéticamente: Lista: fachada sucio indeterminable mancha de chimenea asegurar ostentoso sanderson contender paradigmático lustroso bola de mantequilla dinosaurio sordo matón rima sashimi adiós corneta,asegurar matón bola de mantequilla adiós contender cucurucho sordo dinosaurio fachada sucio indeterminable lustroso ostentoso rima paradigmática sanderson sashimi mancha de chimenea
Ordene alfabéticamente las siguientes palabras: Lista: pulmón reservado cotman coffman quirinal desvío ruibarbo notate monólogo estufa gnóstica jacobea colisión membrana hamaca tabaco mochila,mochila coffman colisión cotman desvío gnóstico hamaca jacobeo pulmón membrana monólogo notar quirinal ruibarbo secreto estufa tabaco
Ordene alfabéticamente las siguientes palabras: Lista: coipo inflamación anarmónica hermosa,inflamación anarmónica del coipo hermoso
Ordene las siguientes palabras alfabéticamente: Lista: el destinatario no sabe arte golf cascada markov nueve swingable shanghai condimento proyectil mimosa mirada caballeros cuento de flores silvestres,el arte no puede cascada condimento consignatario caballeros mirada golf markov mimosa nueve proyectil shanghai cuento oscilante flor silvestre
Ordene alfabéticamente las siguientes palabras: Lista: apagar autocracia logia explotación custodia ventrículo anualidad bruno trueno militante somático atrevimiento adquisitivo,anualidad adquisitiva autocracia bruno custodia atrevimiento explotación logia militante apagar ventrículo trueno somático
Ordena alfabéticamente las siguientes palabras: Lista: gazpacho indiscreto lastre erosible aglomerado ogle cucharada español hule caducidad manuel extensor,aglomerado lastre cucharada erosible caducidad extensor gazpacho indiscreto manuel ogle hule español
Ordene las siguientes palabras alfabéticamente: Lista: falter tuscarora vigorizar gachas humedal libia residual envoltura ludlow casera kamikaze christiana jot asta malva,asta christiana vacilar vigorizar jot kamikaze casera libia ludlow gachas de malva residuo tuscarora humedal resumen
Ordene las siguientes palabras alfabéticamente: Lista: estudio de cristalografía enlazar resumen forma de barco borde de la carretera extraño chiang dent mambo sabana vomitar no embestir,enlazar chiang cristalografía abolladura mambo ram carretera descuidado sabana forma del barco arrojar extraño estudio no lo hará
Ordena alfabéticamente las siguientes palabras: Lista: deformar budd,beneficio deformar
Ordena alfabéticamente las siguientes palabras: Lista: lise snipe miaow,lise miau agachadiza
Ordene alfabéticamente las siguientes palabras: Lista: foliate damon europa popurrí,popurrí foliado damon europa
Ordene las siguientes palabras alfabéticamente: Lista: torpedo fosforescente prístino decadente encogido dey administrar graduado cuello pequeño arrojado jacky cochero eneida veredicto degustación sinh delhi en todo el sistema sombrío,administrar eneida cochero decadente delhi dey grado sombrío jacky cuello pequeño fosforescente prístino encogido sinh degustación en todo el sistema torpedo veredicto
Ordene alfabéticamente las siguientes palabras: Lista: espontaneidad suave execrable charretera bobina calumnia hun anastasia omnipotente premio hostelería macedon rudo madriguera alinear apache masilla adsorción anastomótico,adsorción alinear anastasia anastomótico premio apache bobina madriguera calumnia charretera execrable hostelería hun macedon omnipotente masilla pisoteado suave espontaneidad
Ordene alfabéticamente las siguientes palabras: Lista: deadwood macedonia foxtail block hexadecimal guaranty rubaiyat victoria custodio,bloque custodio deadwood cola de zorra garantía hexadecimal macedonia rubaiyat victoria
Ordene las siguientes palabras alfabéticamente: Lista: din spruce nate pomade jordan gaillardia putt inroad jest kill jackboot whelan mirth amerada artesanos deficiencia eclipse,amerada artesanos estruendo eclipse gaillardia inroad jackboot broma jordan matar alegría nate pomada putt deficiencia abeto whelan
Ordene las siguientes palabras alfabéticamente: Lista: roadster earl metafórico holandés supranacional psique pedro brillo granola cuarentena pene desfavorable baccarat arenoso mackenzie blare bowman,bacará arenoso blare bowman conde brillo granola holandesa desfavorable mackenzie metafórico pedro pene psique cuarentena roadster supranacional
Ordene alfabéticamente las siguientes palabras: Lista: solsticio calzada locuaz sobrina planeta corcel lindante hondo aflojar agamemnón capacidad islámica tíbet hitachi essex casualidad guinea acuático sospecha,contiguo agamenón capacidad acuática víctima essex guinea hitachi hondo islámico aflojar locuaz sobrina planeta calzada solsticio corcel sospecha tíbet
Ordene alfabéticamente las siguientes palabras: Lista: doce veces o'connell mainstream malformado umbilical bivalvo vinagre mortificar detective panzón,bivalvo corriente principal mal formado mortificar a o'connell barrigón detective doce veces vinagre umbilical
Ordene alfabéticamente las siguientes palabras: Lista: boletus ulises depuración passband lucretia corbata deportee calypso revving conklin omnipotente,boleto calipso conklin depuración deportado lucrecia corbata omnipotente banda de paso acelerando ulises
Ordene alfabéticamente las siguientes palabras: Lista: primer tesauro inteligente buckaroo vertebral astuto blutwurst laguerre,morcilla buckaroo primer plano inteligente laguerre tesauro vertebral astuto
Ordene las siguientes palabras alfabéticamente: Lista: fiel escoba menú entero góndola muerte lavado de cerebro calcetín cinemático,lavado de cerebro escoba muerte fiel góndola entero menú cinemático soc
Ordene las siguientes palabras alfabéticamente: Lista: wv habitación pánico compañero de escuela aerodinámico giacomo nebuloso desplazamiento vector roosevelt jimmy botánico suburbia padre,aerodinámico botánico giacomo habitación jimmy nebuloso compensar padre pánico roosevelt compañero de escuela suburbia vectores wv
Ordene las siguientes palabras alfabéticamente: Lista: lábil crujiente resaltar ensilaje judaísmo asignable vale fenol disipar bertram necesidad champlain boutique hidrología facto a menudo,asignable bertram boutique champlain crujiente disipar facto resaltar hidrología judaísmo lábil necesidad a menudo fenol ensilaje vale
Ordene las siguientes palabras alfabéticamente: Lista: hodges deoxyribose troupe motorcade devisee estratify auerbach decor inconmensurable dianne,auerbach decoración desoxirribosa devisee dianne hodges gran caravana estratificar compañía
Ordene las siguientes palabras alfabéticamente: Lista: guía de canciones biyectivas británico espacio propio irrevocable floruit reversible chaqueta de buceo tenue glucógeno rosado gaucherie concordia,bijective británico concord dim dive eigenspace floruit gaucherie guía de glucógeno chaqueta irrevocable rosado canción reversible
Ordene alfabéticamente las siguientes palabras: Lista: caído juvenil bermuda diagrama ezra chillón aristocrático mohoso absorción flojo cuartil asentimiento nigeria testículo congo alegre eucre cesio,absorción aristocrática bermudas cesio alegre congo diagrama eucre ezra caído juvenil mohoso nigeria asentir cuartil chillón flojo testículo
Ordene las siguientes palabras alfabéticamente: Lista: stanhope sísifo hongos propósito pleno invierno mendelevio estudioso camino de entrada simetría abatido pisotear escurrir tira lúcido encapsular vs gob bautizar,bautizar lúcido abatir camino de entrada encapsular hongos gob mendelevio pleno invierno propósito sísifo stanhope tira estudioso simetría pisotear vs escurrir
Ordene las siguientes palabras alfabéticamente: Lista: malvavisco dux alpenstock océano aceptar angus baba jutish cromo resistivo vociferante castigar premio octenial cantera concisión isabelina,aceptar alpenstock angus castigar cromo concisión dux babear isabelino jutish malvavisco océano octenal premio resistivo cantera vociferante
Ordene alfabéticamente las siguientes palabras: Lista: jocund flagelado guardaespaldas flotación comensal involucrar miff inerradicable postproceso,guardaespaldas comensal flagelado flotación indestructible involucrar jocund miff posproceso
Ordene alfabéticamente las siguientes palabras: Lista: gloriana milord rendezvous schnabel allegoric loge lollipop salle collate prolix mast euphony,alegórico cotejar eufonía gloriana loge piruleta mástil milord prolix rendezvous salle schnabel
Ordene las siguientes palabras alfabéticamente: Lista: pea yonkers darkle cuadrante vertedera instantánea olsen conexión erudito labio,darkle erudito conexión instantánea labio vertedera olsen guisante cuadrante yonkers
Ordene alfabéticamente las siguientes palabras: Lista: arrepentimiento absorción satisfacer contemplar motivo fumarola adelante alcohol escudo guisante almez walkie,alcohol he aquí escudo junto fumarola almez motivo guisante arrepentimiento satisfacer absorción walkie
Ordene las siguientes palabras alfabéticamente: Lista: charcutería embrollo diatomea impenetrable pisada crucifijo greenberg sincrónico hablado,charcutería crucifijo diatomea pisada greenberg impenetrable lío hablado sincrónico
Ordene alfabéticamente las siguientes palabras: Lista: sibila caligrafía cabra inverness forma raída,forma de caligrafía cabra inverness sibila raída
Ordene alfabéticamente las siguientes palabras: Lista: conjunto de aprehensión de anacardo,aprehensión conjunto de anacardos
Ordena alfabéticamente las siguientes palabras: Lista: orilla del mar altiva,orilla altiva
Ordene las siguientes palabras alfabéticamente: Lista: poscondición musicología protoplásmica helicoidal tendencia alcista vasoconstricción diacrítico bistec cuidado lugar de nacimiento bicicleta estado junctor obstinada banshee savia,banshee bistec cuidado bicicleta lugar de nacimiento diacrítico junctor helicoidal musicología obstinado poscondición savia protoplásmica estado tendencia alcista vasoconstricción
Ordene alfabéticamente las siguientes palabras: Lista: susurro vista carbonero espejismo fletch grito bienal credal miltonic fraudulento j,bienal credo llorar vista fletch fraudulento j miltonic espejismo carbonero susurro
Ordene alfabéticamente las siguientes palabras: Lista: multitudinous adopt worcestershire pacifist afghan glimmer friday,Adoptar el viernes afgano destello multitudinario salario pacifista Worcestershire
Ordena alfabéticamente las siguientes palabras: Lista: lethe bilk perturb taactual,bilk lethe perturbar táctil
Ordene alfabéticamente las siguientes palabras: Lista: liggett sterno pintail dilatar retozar cerdo adelante parámetro matadero lagunas mcintosh mancha de sangre perezoso protector de la unesco cabeza de playa algonquin,algonquin cabeza de playa mancha de sangre dilatar adelante retozar lagunas perezoso liggett mcintosh parámetro cerdo pintail protector matadero sterno unesco
Ordene alfabéticamente las siguientes palabras: Lista: erudito casadero stahl entrenador desaconsejable vicksburg virgo browniano eosina magnesio lino,entrenador browniano eosina lino erudito magnesio desaconsejable casadero stahl vicksburg virgo
Ordene alfabéticamente las siguientes palabras: Lista: clifford brindle siskin gloat florist triploidy willard sacramento,Clifford atigrado florista regodearse sacramento jilguero triploidía willard
Ordena alfabéticamente las siguientes palabras: Lista: confrontación cuantitativa proserpina revisión papá hirsuto,confrontación papá hirsuto corregir proserpina cuantitativa
Ordene alfabéticamente las siguientes palabras: Lista: allyn carbonoso mallorca investigativo reemplaza cetáceo patógeno johann tung paradigmático orar,allyn cetáceo carbonáceo investigador johann mallorca paradigmático patógeno orar reemplazar tung
Ordene alfabéticamente las siguientes palabras: Lista: cáliz enfatiza vii elgin perquisito implacable mirlo afro jura mayapple con culpa,afro mirlo culpar cáliz elgin énfasis implacable jura mayapple requisito vii blanco
Ordene las siguientes palabras alfabéticamente: Lista: cast palazzi inhibir aragon tabletop danbury abbe adposition emplace gavin ingresos falsete oneroso,abbe adposición arragon elenco danbury emplazar falsete gavin ingresos inhibir oneroso palazzi mesa
Ordene las siguientes palabras alfabéticamente: Lista: ulcerar salón de baile escaso intrépido arco prorrogar esquivar beneficio cupón cucharón buggy follar fagot hipotermia decidir afirmativo fuselaje junior nineveh schmitt,afirmativo fuselaje arqueado salón de baile fagot beneficio buggy cupón decidir esquivar hipotermia intrépido cucharón junior Nínive prorrogue schmitt follar escaso ulcerar
Ordene las siguientes palabras alfabéticamente: Lista: estatuilla cara blanca lauderdale gravar atónico especificar olivia adípico neutrino antiguo atrapar persona atleta soberanía,adípico antiguo atleta atónico captura gravar lauderdale neutrino olivia persona soberanía especificar estatuilla cara blanca
Ordene alfabéticamente las siguientes palabras: Lista: municipio hiperboloidal,municipio hiperboloidal
Ordene las siguientes palabras alfabéticamente: Lista: yves butt scribe en condiciones de navegar manumitted clapeyron levantar guardia canalla reconocimiento ágil xilografía pies ligeros vientre de sierra exiguo sabio geofísico mathieu cognoscenti intencionado extravagante,ágil canalla trasero clapeyron cognoscenti extravagante levantamiento geofísico pies ligeros manumitido mathieu escaso reconocimiento intencional escriba vientre de sierra en condiciones de navegar sabio grabado en madera yves
Ordene las siguientes palabras alfabéticamente: Lista: duane harriet impresionable lebrel glamour cencerro festival vietnamita centralita textura anaglifo,anaglifo cencerro festival de duane glamour harriet impresionable centralita texturas lebrel vietnamita
Ordene alfabéticamente las siguientes palabras: Lista: plural dosis allstate stalin díada multitudinous Powderpuff,Allstate dosis diada multitudinaria plural Powderpuff Stalin
Ordene las siguientes palabras alfabéticamente: Lista: crossbill bushland capacitivo magro ricochet batería enigma wysiwyg billetera lipton jane wacke contingente,batería bushland capacitivo contingente pico cruzado enigma jane lipton magro rebote wacke billetera wysiwyg
Ordene alfabéticamente las siguientes palabras: Lista: corpulento código de diagnóstico cuero cabelludo a prueba de bombas flúor blythe swipe abeja maldita poro maharajá citólisis solicitar,blythe código a prueba de bombas citólisis corpulenta maldito diagnosticar flúor abeja maharajá poro cuero cabelludo solicitar deslizar
Ordena alfabéticamente las siguientes palabras: Lista: fuga chicanery mountain,montaña de fuga de artimañas
Ordene las siguientes palabras alfabéticamente: Lista: aparador filtración de procusto buxton olímpico tty mecanografiado marca callus unitario cameron contribuir preciso verificar estante extensible metanol,buxton callus cameron contribuir extensible marca metanol olímpico preciso filtración de procusto estante aparador tty mecanografiado unitario verificar
Ordene alfabéticamente las siguientes palabras: Lista: sociolingüística nigeria odiseo desmitificar protón voltaire centavo contaminar estribo de cimarrón,cimarrón contaminar desmitificar nigeria odiseo centavo protón sociolingüístico estribo voltaire
Ordena alfabéticamente las siguientes palabras: Lista: marca lapidaria grasienta,marca lapidaria grasienta
Ordene las siguientes palabras alfabéticamente: Lista: coreografía retardante múltiple pro carbónico ecuestre deseoso tienda india avellanador libia autentificar metal tener corvallis nítrico petición ofuscatoria,autentificar carbónico coreógrafo corvallis avellanado ecuestre tener libia metal múltiples nítrico ofuscatorio petición pro retardante tienda india deseoso
Ordene alfabéticamente las siguientes palabras: Lista: oakland seaborg jacobi membrana trapezoidal allis marmot alternar antología,allis antología jacobi marmota membrana oakland seaborg alternar trapezoidal
Ordene las siguientes palabras alfabéticamente: Lista: monótono resbaladizo provocación functor escondite agujero asimilable lola calipso nabucodonosor cornejo pacifismo bivariado comprado,asimilable bivariado comprado calipso cornejo functor escondite perforable lola monótono nabucodonosor pacifismo provocación hábil
Ordene alfabéticamente las siguientes palabras: Lista: livre substitution ix frisian panorámico Buckley,Buckley Frisian ix livre sustitución panorámica
Ordene alfabéticamente las siguientes palabras: Lista: no spokane cartilaginous that'd science,cartilaginoso no hay ciencia Spokane que
Ordene alfabéticamente las siguientes palabras: Lista: rectitud llamativa novedad,novedad rectitud llamativa
Ordene alfabéticamente las siguientes palabras: Lista: sedimento fractura de toalla universitaria,fractura sedimento toalla varsity
Ordene alfabéticamente las siguientes palabras: Lista: confidencial ficción de la ursa heterocigótica obertura de hadas marrubio,ficción de hadas confidencial heterocigoto marrubio obertura ursa
Ordene las siguientes palabras alfabéticamente: Lista: mckinley pesticida escuela radiómetro marca prig saborear trianon inspiración ingenioso cancelado castrar oreja glauca croon tioga rothschild excitar punto final ciudadela,ingenioso cancelado castrar ciudadela croon oído punto final excitar glauco inspiración marca mckinley pesticida mojigato radiómetro saborear rothschild escuela tioga trianon
Ordene las siguientes palabras alfabéticamente: Lista: iniquidad yogur detrás del vulcanismo hornpipe mcconnell desprecio zip toroidal mollie arenoso bienqueriente recluso,detrás de hornpipe iniquidad recluso mcconnell mollie arenoso desprecio vulcanismo toroidal bienhechor yogur zip
Ordene alfabéticamente las siguientes palabras: Lista: extempore get,improvisado conseguido
Ordene alfabéticamente las siguientes palabras: Lista: yang relinquish merry maladjust olefin canaan ranch batavia,batavia canaan inadaptado feliz rancho de olefinas renunciar al yang
Ordene alfabéticamente las siguientes palabras: Lista: yuh edt cheddar oblivion from poignant pang,cheddar edt de la punzada del olvido conmovedora yuh
Ordena alfabéticamente las siguientes palabras: Lista: zan natalie coplanar stevenson,coplanar natalie stevenson zan
Ordene las siguientes palabras alfabéticamente: Lista: botella kenney chapati okinawa boon hora de dormir,hora de dormir bendición botella chapati kenney okinawa
Ordene alfabéticamente las siguientes palabras: Lista: contrariedad aro muong crochet dimórfico inmediatamente hurty valorar prodigio politopo garantizar atavismo emanar iniquidad moler más katie,atavismo contrariedad crochet dimórfico emanar inmediatamente moler garantizando aro lastimado iniquidad katie más muong politopo prodigio valorar
Ordene las siguientes palabras alfabéticamente: Lista: sloane fundido equipar hillman max cochran práctica asesor kuwait cancillería hoofprint cardigan malhechor séquito wuhan mono apóstata acrobacia crowbait,acrobacia asesorado mono apóstata cardigan cancillería cochran crowbait equipar malhechor hillman huella de pezuña kuwait max fundido práctica séquito sloane wuhan
Ordene las siguientes palabras alfabéticamente: Lista: catawba almagest transfusable lecha fotólisis límpido gnomo archienemigo flacidez concejalas decremento jungian,almagest archienemigo catawba concejales decremento gnomo junguiano lecha límpida fotólisis flacidez transfusable
Ordene alfabéticamente las siguientes palabras: Lista: inscribe upraise perceptivo trágico peculado cunard posterior crudo danubiano,cruel cunard danubiano inscribir perceptivo peculado posteriormente trágico levantamiento
Ordene alfabéticamente las siguientes palabras: Lista: madeira separata traficada tema inmemorial micro clínica sprue marx va anaheim comido,clínica de anaheim comido inmemorial madeira marx micro separata bebedero sujeto traficado va
Ordene las siguientes palabras alfabéticamente: Lista: reedy matón múltiple edt vender referente lexicógrafo teta flagelación perceptivo menor bósforo rencoroso perder pizza picante sedición corcho,bósforo matón corcho edt flagelación pérdida lexicógrafo menor múltiple perceptivo pizza picante rencoroso caña referente sedición vender teta
Ordene las siguientes palabras alfabéticamente: Lista: decimotercer dedal de papel de aluminio rapé ernie pow celebridad construcción indescubrible nigua burguesa sincrónico yap níspero exorcismo vendedor de periódicos,edificio celebridad burguesa nigua ernie exorcismo indescubrible níspero vendedor de periódicos pow rapé dedal sincrónico decimotercer papel de aluminio ladrar
Ordene alfabéticamente las siguientes palabras: Lista: saprofito confiado pam polizón estupor expósito compton,compton confiado expósito pam polizón saprofito estupor
Ordene las siguientes palabras alfabéticamente: Lista: epífita veloz vela ancla barra dimensión faunístico integrar eleanor nervioso singular patricio ortodoxia parasol colgante hebilla concatenar masoquista,ancla barra hebilla concatenar dimensión nervioso eleanor epífita faunístico integrar masoquista ortodoxia sombrilla patricio colgante navegar singular veloz
Ordene las siguientes palabras alfabéticamente: Lista: caramelo veterinario kochab molibdato extoller amos farrell academia mirada depredador hermosa ford fiducial metzler europio tortuoso monómero de diatomeas,academia amos hermoso caramelo tortuoso diatomea europio extoller farrell fiducial vado mirada kochab metzler molibdato monómero depredador veterinario
Ordena alfabéticamente las siguientes palabras: Lista: mater rica sigmund dean eosine inebriate gibson vassar mulligatawny formula,dean eosina fórmula gibson ebrio mater mulligatawny rica sigmund vassar
Ordena alfabéticamente las siguientes palabras: Lista: laudatoria shakespeariana,shakesperiano laudatorio
Ordene alfabéticamente las siguientes palabras: Lista: fasciculado judicatura presto,fascicular la judicatura pronto
Ordene las siguientes palabras alfabéticamente: Lista: entonces wireman risco escuálido electrolítico esposa cutover dickson clitemnestra tomó diocleciano lipton tallo inhumano lugar de trabajo marginal,clitemnestra corte del risco dickson diocleciano electrolítico inhumano lipton marginal tallo flaco luego tomó esposa wireman lugar de trabajo
Ordene alfabéticamente las siguientes palabras: Lista: bruckner admiración technion bandgap garza posprocesador culantrillo hongo alusión gambito accesorio proscenio crucero,accesorio admiración alusión bandgap bruckner crucero hongo gambito garza culantrillo postprocesador proscenio technion
Ordene alfabéticamente las siguientes palabras: Lista: gramático caballería polkadot ferocidad gastronómica brenda knutson fenotipo endotelial irreductible bilineal derivado rockaway comido cacao difamatorio,bilineal brenda cacao derivado de la caballería comido ferocidad endotelial gramático gastronómico irreductible fenotipo knutson polkadot rockaway difamatorio
Ordene las siguientes palabras alfabéticamente: Lista: hiperboloide hebilla liquidar álcali nagasaki incumplimiento falsete parmesano alegría,álcali brecha hebilla falsete hiperboloide liquidar alegría nagasaki parmesano
Ordene las siguientes palabras alfabéticamente: Lista: hornblower disipar amanita canticle molestar asediar recto notre propileno sepia pasto de california encefalitis boggle cocodrilo dexter agachadiza amatorio mareado psiquiátrico,amanita amatorio molestar asedio aturdir cántico de california cocodrilo dexter disipar mareado encefalitis hornblower notre pasto propileno psiquiátrico sepia agachadiza recta
Ordene las siguientes palabras alfabéticamente: Lista: residuo pacífico sulfanilamida kingsley calibre eft cabecero sello phillip tapizado lobby irlandés nary gastrointestinal frágil faulkner caprichoso ouzo phylum,calibre caprichoso eft faulkner frágil gastrointestinal cabecera irlandés kingsley lobby nary ouzo pacífico phillip phylum residuo sello sulfanilamida tapizado
Ordene alfabéticamente las siguientes palabras: Lista: multiplete salsa de tomate hipotálamo scherzo dama de honor promedio con eso invocable mimar encanto inequidad región abbas trumpery memorándum exclusión integral mielga floema inconvertible,abbas promedio dama de honor salsa de tomate encanto mimar cazón hipotálamo inconvertible inequidad integral invocable memorándum multiplete floema región scherzo exclusión con eso trumpery
Ordene alfabéticamente las siguientes palabras: Lista: alféizar de la ventana nombrar bigote biarmónico baneberry nervudo pirata,nombrar baneberry biarmónico dina bigote pirata alféizar nervudo
Ordena alfabéticamente las siguientes palabras: Lista: zoroastro skimpy,Zoroastro escaso
Ordene las siguientes palabras alfabéticamente: Lista: casi délfico semítico desconocido astuto punto muerto libertario antic levitar ejecución sanción escafar almacén diente de león afable sweeney afortunado palanca horntail apache,afable casi anticuado apache astuto diente de león punto muerto ejecución délfica afortunado colacuerno apalancamiento levitar libertario sanción sarcasmo almacén semítico sweeney sin saberlo
Ordene las siguientes palabras alfabéticamente: Lista: porcentaje maser borde de la carretera estamos almacenando en caché distorsionar phillip realzar epistemología pepinillo algo picante injusticia winston savoyard delicioso defender indicar,almacenamiento en caché defender delicioso distorsionar realzar epistemología pepinillo indicar injusticia maser por ciento phillip carretera saboya algo picante somos winston
Ordene las siguientes palabras alfabéticamente: Lista: anárquico vivir atajo total diatomea güelf uso acústico yarmulke fenomenología neo burocracia trastornar hacia la izquierda inamovible fabricar síndrome sugerente proporcionar,acústico anárquico burocracia diatomea fabricar guelph inamovible hacia la izquierda animar neo fenomenología proporcionar atajo síndrome sugestivo total uso de trasmallo yarmulke
Ordene las siguientes palabras alfabéticamente: Lista: ellos abdominal dirección fomalhaut pago óptimo hannoveriano yang baya tatuaje islamabad franja jordan generosidad estigmas esteáricos involucrar efusivo tornado,dirección abdominal recompensa de bayas efusivo fomalhaut hannoveriano involucrar islamabad jordán pago óptimo estigmas esteáricos franja tatuajes tornado yang
Ordene alfabéticamente las siguientes palabras: Lista: maraud downtrodden hurst propano morfina casa parroquial gadgetry inercial gamin,aparatos oprimidos gamin hurst maraud inercial morfina casa parroquial propano
Ordene las siguientes palabras alfabéticamente: Lista: flor de espuma legal cayena chandigarh sólo excursión desclasificar ecuanimidad aséptico inclemencia octubre libertinaje kruger grupoide chamuscar lúgubre alterar,alterar aséptico cayena chandigarh libertinaje desclasificar lúgubre ecuanimidad excursión flor de espuma grupoide inclemente kruger legal sólo octubre chamuscar
Ordena alfabéticamente las siguientes palabras: Lista: acidificar antagonismo asteria,acidificar antagonismo asteria
Ordene alfabéticamente las siguientes palabras: Lista: elton olympic iodinate captious ineligible sherman,captious elton no elegible yodo sherman olímpico
Ordene alfabéticamente las siguientes palabras: Lista: aliviar el duopolio glándula del colchón benelux townsmen buoyant klaxon tomografía de tapa dura felice gunk,aliviar el duopolio boyante benelux glándula felice mugre bocina de tapa dura colchón tomografía ciudadanos
Ordene alfabéticamente las siguientes palabras: Lista: solvate nat usable kajar downey vision detest aitken barycentric,aitken baricéntrico detesto downey kajar nat solvato visión utilizable
Ordene las siguientes palabras alfabéticamente: Lista: griffith común nanosegundo salicaria señuelo swabby aeroespacial dinamarca yates frill spitz envidiable screechy allure sembrar espermatozoides saltear trasluchar exclusivo,encanto aeroespacial señuelo común dinamarca envidiable exclusivo volante griffith trasluchar salicaria nanosegundo saltear chillón cerda espermatozoides spitz swabby yates
Ordene las siguientes palabras alfabéticamente: Lista: ensueño giganta barro mástil insensible bate dnieper broma cortez firme satisfacer dogging moran subir guarnición,bate insensible escalada cortez dnieper dogging guarnición giganta mástil moran broma fangosa ensueño satisfacer incondicional
Ordene las siguientes palabras alfabéticamente: Lista: evitar capricho pastizal elegía trampa error gaillardia hostil cónclave caramelo hijastro aceptar carbunco compresor utopía regate espectros rosa embower,aceptar evitar caramelo carbunclo compresor cónclave regatear elegía embocar error gaillardia pradera hostil trampa rosa espectros hijastro utopía capricho
Ordene las siguientes palabras alfabéticamente: Lista: Rowley guardiamarina salina furl geld locomotora exhumación anárquica bstj liberación gradual j linimento panteísta elución profesa,anárquico bstj elución exhumación furl castrado gradual j linimento locomotora guardiamarina panteísta profesa liberación Rowley solución salina
Ordene las siguientes palabras alfabéticamente: Lista: lugar de reunión corriente de aire suponible sushi proscenio anticonvulsivo usted magnífico exfoliante envalentonar apresurado pewee carragenina difundir glamour descubrimiento registrador agudeza,agudeza anticonvulsivo carragenina descubrimiento difundir corrientes de aire envalentonar glamour lugar de reunión apresurado magnífico pewee proscenio registrador fregar sushi suponible que
Ordene alfabéticamente las siguientes palabras: Lista: sudadera murray,muñequera murray
Ordene alfabéticamente las siguientes palabras: Lista: resignación lirón bathos walt amatista obtuso,amatista bathos lirón obtuso resignación walt
Ordene las siguientes palabras alfabéticamente: Lista: paginar amigable tienen histología extrema sonoridad indoeuropea tranvía turvy coo deerstalker browne secuaz pelvis calumnia,amigable browne calumnia arrullo cazador de ciervos secuaz extremo histología indoeuropeo paginar pelvis sonoridad tienen tranvía turbio
Ordene alfabéticamente las siguientes palabras: Lista: transgresor sidewinder hortera víctima no debería cortesano evitación de lepra gibón fusionar,evitación víctima cortesano gibón lepra fusionar no debería sidewinder transgresor hortera
Ordene las siguientes palabras alfabéticamente: Lista: interceptar apisonar loci geopolítico periodistas sombra crédito atmosférico estocada sirena negro ajedrez,atmosférico ajedrez crédito geopolítico interceptar loci embestida periodistas sirena negro apisonar sombra
Ordena alfabéticamente las siguientes palabras: Lista: guiño envidioso scotia planetaria pooh emancipar ejército,ejército emancipar envidioso planetaria pooh scotia wink
Ordene alfabéticamente las siguientes palabras: Lista: condescender rampante percolate coltish date rochester plácido significativo,coltish condescendiente fecha filtrarse plácido desenfrenado rochester significativo
Ordene alfabéticamente las siguientes palabras: Lista: soldados de infantería mando yaundé acuoso desregular gala lisérgica,acuoso desregular gala infantería mando lisérgico yaundé
Ordene las siguientes palabras alfabéticamente: Lista: promulgar altercado foraminíferos sofocles balsa malhechor programa de estudios jive piedra angular gasa sala del tribunal insiste dusenberg sal,altercar piedra angular sala del tribunal dusenberg foraminíferos gasa insistir jive promulgar balsa sal programa de estudios sófocles malhechor
Ordena alfabéticamente las siguientes palabras: Lista: jacob sleight globule consonante músico,consonante glóbulo jacob músico prestidigitación
Ordene alfabéticamente las siguientes palabras: Lista: naciente fangoso,naciente fangoso
Ordene las siguientes palabras alfabéticamente: Lista: automatizar abner champú gorgoteo ninguno exquisito abramson amistad fructífero acortar impermeable,abner abramson amistad automatizar exquisito fructífero gorgoteo ninguno champú acortar impermeable
Ordene alfabéticamente las siguientes palabras: Lista: buscar marcello depreciar unario marco entumecido brotar apretar agamemnon herbívoro expulsar zaire gravamen foro,Agamenón apretar depreciar expulsar foro marco herbívoro gravamen marcello aturdido buscar brote unario zaire
Ordene las siguientes palabras alfabéticamente: Lista: saul fresco adolescente palillo juego de pies pequeño anaplasmosis empalizada ortografía piso andar de forma vacilante pilato pista lingote fiesta,anaplasmosis vacilar palillo pista fiesta juego de pies fresco lingote ortografía empalizada pilato saul pequeño piso adolescente
Ordene alfabéticamente las siguientes palabras: Lista: avalancha chaplin riña cochero ipsilateral clónico camerún fortran cram medea referente kennan canal piridina urss posponer,avalancha camerún canal chaplin cochero clónico abarrotar fortran ipsilateral kennan medea posponer piridina refiriéndose riña urss
Ordene alfabéticamente las siguientes palabras: Lista: peculiar margaret contravención congraciarse escoria superintendente cortinaje extraño secuencial,extraña contravención cortinas escoria congraciar a margaret peculiar superintendente secuencial
Ordene alfabéticamente las siguientes palabras: Lista: sudadera hueso ia wagoneer doleful homeobox hindustan convergente,hueso convergente triste hindustan homeobox ia sudadera wagoneer
Ordene las siguientes palabras alfabéticamente: Lista: peltre bruto gujarati cortland difusible nomograma ciervo transmisión galvanómetro transición incestuoso cuaderno de bocetos explorador laringe,transmisión cortland galvanómetro difusible bruto gujarati incestuoso laringe nomograma peltre explorador cuaderno de bocetos transición de ciervo
Ordene alfabéticamente las siguientes palabras: Lista: portsmouth retrato impalpable gouda cerebro sucumbir pezuña fatua lisboa erudito malaria enigma isaacson cony fortaleza servomecanismo,sesudo cony enigma erudito fatuo gouda casco impalpable isaacson lisboa malaria retrato portsmouth servomecanismo fortaleza sucumbir
Ordene alfabéticamente las siguientes palabras: Lista: testate Orchestra permafrost leasehold shiva,arrendamiento orquesta permafrost shiva testado
Ordene las siguientes palabras alfabéticamente: Lista: logaritmo robertson inanimado uganda micron incurring wilcox lumber sammy souvenir newman profusa maladapt cono butch puente aéreo propietario,puente aéreo butch cono propietario inanimado incurriendo logaritmo madera maladaptar micrón newman profuso robertson sammy recuerdo uganda wilcox
Ordene alfabéticamente las siguientes palabras: Lista: ualabí crisálida,ualabí crisálida
Ordene alfabéticamente las siguientes palabras: Lista: draga suma de comprobación vendedor ambulante baronial foco circunstancia elogio comentario felicia dartmouth monocromador emitancia neuroanatómica,suma de control baronial circunstancia comentario dartmouth dragado emittance elogio felicia huckster monocromador foco neuroanatómico
Ordene las siguientes palabras alfabéticamente: Lista: ventoso germinal biplano canadá nutriente archipiélago peloponeso muslo conspiración constructor acumular dobbin perdido hamburguesa insustancial maleable ted laramie,acumular archipiélago biplano ventoso canadá conspiración constructor dobbin germinal hamburguesa insustancial laramie perdido maleable nutriente peloponeso ted muslo
Ordene alfabéticamente las siguientes palabras: Lista: wagging cabdriver astronomic pivot loch coherent,taxista astronómico coherente lago pivote meneando
Ordene alfabéticamente las siguientes palabras: Lista: incapacidad núcleo vago posible invocable janice erg,ergio incapacidad invocable janice núcleo posible vago
Ordene alfabéticamente las siguientes palabras: Lista: mordaza griega ada don nadie milicia gato montés derecha abc mezcla cankerworm hanukkah pierson ron falcon quad flamboyant lobster kruger austero indicar,abc ada mezcla austera revoltón halcón extravagante mordaza griego hanukkah indicar langosta kruger milicia nadie pierson quad derecho ron gato montés
Ordene las siguientes palabras alfabéticamente: Lista: babysat curvilínea hugh cutáneo habló cónsul estacionario regimiento,niñera cónsul curvilínea cutánea hugh regimiento habló estacionaria
Ordene las siguientes palabras alfabéticamente: Lista: woebegone ágil tarde complementaria inmaculada risa amable vacilar loira septuagenario sandia alternar dixie caballos de fuerza sierra mecanismo de tejo,tarde complementario dixie vacilar caballos de fuerza inmaculado amable risalin loira mecanismo ágil sandia septuagenario tejo sierra alternar afligido
Ordene las siguientes palabras alfabéticamente: Lista: eje atrasado escuchando a escondidas fasciculado espinilla postdoctoral marítimo ibn henry hermafrodita pegajoso jane brookside incorregible vehicular herodoto,atrasado brookside escuchas a escondidas fasciculado henry hermafrodita herodoto ibn incorregible jane eje postdoctoral marítimo espinilla pegajosa vehicular
Ordene las siguientes palabras alfabéticamente: Lista: sinter corteza canguro saqueo umbral insano mcleod rotonda estipular marioneta trasmallo incidente,corteza incidente loco canguro marioneta mcleod pillaje rotonda sinter estipular umbral trasmallo
Ordene alfabéticamente las siguientes palabras: Lista: soulful dnieper labile lease vehicular,dnieper lábil arrendamiento conmovedor vehicular
Ordene las siguientes palabras alfabéticamente: Lista: piedra angular verde atigrado merodear nonce ballard scrappy crédulo des pitney difluoruro hacia predilecto nostálgico confusión de violación payasadas judío curiosidad,ballard atigrado piedra angular crédulo curiosidad des difluoruro verde payasadas judío confusión nonce nostálgico pitney predilecto merodear violación rudo hacia
Ordene alfabéticamente las siguientes palabras: Lista: pacto allí davenport sonorante marcador densitómetro ruidoso,pacto davenport densitómetro ruidoso marcador sonorante de allí
Ordene alfabéticamente las siguientes palabras: Lista: habitacion bona cicero significado gaussiano plata responsable rastus zig exonerar cartera activo costero ruanda manillar oscuro,activo bona cicero costero oscuro exonerar gaussiano manillar habitacion cartera significado rastus responsable ruanda plata zig
Ordene las siguientes palabras alfabéticamente: Lista: implementador bangui nudge cavalier refractario islamabad contextual abramson waite ferrocarril carlisle magistrado plateado picnic picnic cubo de basura emacs,abramson bangui carlisle cavalier cubo de basura contextual implementador de emacs magistrado de islamabad empujar picnic ferrocarril refractario camarero plateado
Ordene las siguientes palabras alfabéticamente: Lista: strove hendrickson apostasy jacm indonesia vibrar a flote lantánido picogrueso scavenge quark muebles conner bechtel melancolía fermentar,a flote apostasía bechtel muebles conner fermentar picogrueso hendrickson indonesia jacm lantánido melancolía quark basura se esforzó vibrar
Ordene las siguientes palabras alfabéticamente: Lista: esponjoso separado gabriel jackson codorniz hendrickson washy backslide refugio calvert anastomosis variedad comando pizzicato sticktight syndicate hollister,anastomosis reincidencia calvert comando gabriel hendrickson hollister jackson pizzicato codorniz refugio separado esponjoso sticktight sindicato variedad washy
Ordene las siguientes palabras alfabéticamente: Lista: he aquí oxálico tal vez cortar acero termcap orar endurecer disipar misoginia formato rocío,he aquí rocío disipar formato tal vez misoginia oxálico orar acero endurecer termcap
Ordena alfabéticamente las siguientes palabras: Lista: paloma rodríguez sonante mónaco correa horticultura clarete obra pascual bizarro valorar colono baden deplorar,baden extraño clarete colono deplorar paloma horticultura mónaco pascual juego rodríguez sonante correa valorar
Ordene las siguientes palabras alfabéticamente: Lista: patrullero arabesco novela menta verde arkansan curva sostén diagnosticable iterbio oveja dormitorio yen avión carga disuasivo fosilífero alveolar tridente platija curvilínea,alveolar arabesco arkansan dormitorio curva sostén curvilíneo disuasivo casualidad diagnosticable fosilífera novela patrullero carga de avión oveja menta verde tridente yen iterbio
Ordena alfabéticamente las siguientes palabras: Lista: papaya pérfido frugal labial sentir sonar trabuco caja hora de cenar oresteia,trabuco caja hora de cenar sentir frugal labial oresteia papaya pérfido sonar
Ordene las siguientes palabras alfabéticamente: Lista: eglefino coloso piel de oveja luna de miel sincero pragmático agrario gente aplica,aplicación agraria sincero coloso eglefino gente de luna de miel piel de oveja pragmática
Ordena alfabéticamente las siguientes palabras: Lista: catecismo papi,catecismo papi
Ordene las siguientes palabras alfabéticamente: Lista: holoceno muriel r&d patético talon yegua escalera bradshaw apertura suspiro,apertura bradshaw holoceno yegua muriel patético i + d suspiro escalera garra
Ordene las siguientes palabras alfabéticamente: Lista: busto guardiamarinas musicale urinario tiza cohete resinoso horror tangencial sapiente siervo tonto camino urea goucher albañilería grasa odontología vaquero correcaminos,busto tiza vaquero odontología tonto graso goucher horror albañilería guardiamarinas camino musical resinoso correcaminos cohete inteligente siervo tangencial urea urinario
Ordena alfabéticamente las siguientes palabras: Lista: sanedrín rasposo helicoidal beau venezuela inundado bessie extricable vicio indoeuropeo péndulo crema animismo,animismo inundado galán bessie crema extricable helicoidal péndulo indoeuropeo sanedrín áspero venezuela vicio
Ordena alfabéticamente las siguientes palabras: Lista: le corresponden herpes de orilla del mar,corresponderle herpes a la orilla del mar
Ordene alfabéticamente las siguientes palabras: Lista: worcestershire bonito buñuelo dreamboat haggard nose whodunit,Bonito buñuelo de ensueño nariz demacrada novela policíaca worcestershire
