input,target
Ordina le seguenti parole in ordine alfabetico: Elenco: sindrome da ciò,sindrome da esso
Ordina le seguenti parole in ordine alfabetico: Elenco: brivido splutter panico scorch stesso punto prod obstetric malton onus drumhead delmarva barn appropriazione indebita it&t umido guru sussistere interezza greene,fienile umido delmarva dot drumhead appropriazione indebita interezza greene guru it & t malton onus ostetrico pungolo in preda al panico stessa scottatura sputare sussistere brivido
Ordina le seguenti parole in ordine alfabetico: Elenco: vegetare artiglieria danno fda doris prosodia bainite scimmia incongrua viviana,artiglieria bainite doris fda danno incongruo scimmia prosodia vegetare vivian
Ordina le seguenti parole in ordine alfabetico: Elenco: sioux fortescue purloin percept timoniere,il timoniere fortescue percepisce i sioux purloin
Ordina le seguenti parole in ordine alfabetico: Elenco: treno indifferente contrabbando,contrabbandiere di ferroviere indifferente
Ordina le seguenti parole in ordine alfabetico: Elenco: conferenza apparizione ignorare dutton profano coupé superstizioso verso ovest bivio messaggero copra floruit attrezzo primitivo,apparizione conferenza copra coupe dutton floruit ignora implementare laico messaggero primitivo superstizioso bivio verso ovest
Ordina le seguenti parole in ordine alfabetico: Elenco: covalent spiderwort horowitz divisivo spirituale cheshire affluente gideon quadratura julio arachidi epsilon diagnostico grover folclore gotico saliente,benestante cheshire covalente diagnostico divisivo epsilon folclore gideon gotico grover horowitz julio arachide quadratura saliente spiderwort spirituale
Ordina le seguenti parole in ordine alfabetico: Elenco: euclideo stonehenge hobby torbido accattivante invito parsimonioso lotta maestosa scena di ondate di agrumi,agrumi nuvoloso lotta euclidea hobby invito scena maestosa stonehenge surge parsimonioso accattivante
Ordina le seguenti parole in ordine alfabetico: Elenco: thunderclap swab built poland,costruito il tuono del tampone della polonia
Ordina le seguenti parole in ordine alfabetico: Elenco: regret starlight wallboard cotyledon more pepperoni,cotyledon more pepperoni regret starlight wallboard
Ordina le seguenti parole in ordine alfabetico: Elenco: burley bela arapaho batteri bock,batteri arapaho bela bock burley
Ordina le seguenti parole in ordine alfabetico: Elenco: delizioso siderale termico yakima siena gorky sassone scozzese figurale idrossile diciassette napoletano rampage nervo rampage fato pianto tirapiedi coltelli assegnati,destino assegnato figurale gorky rampino idrossile coltelli napoletano nervo pianura furia sassone scozzese delizioso diciassette siderale fantoccio siena termico yakima
Ordina le seguenti parole in ordine alfabetico: Elenco: lucrativo hai tunnel tiro con l'arco sposa civetta politipia barbudo radix arlen lockwood teem officious,tiro con l'arco arlen barbudo sposa civetta lockwood lucrativo officioso politipia radix teem tunnel che hai
Ordina le seguenti parole in ordine alfabetico: Elenco: gentle boletus galveston aniline eddy fontainebleau wile scandalous skat sportsmen,aniline boletus eddy fontainebleau galveston gentili sportivi skat scandalosi astuti
Ordina le seguenti parole in ordine alfabetico: Elenco: crowfoot scrupoloso falò contrasta il purgatorio,falò contrasto purgatorio crowfoot scrupoloso
Ordina le seguenti parole in ordine alfabetico: Elenco: nudo censimento intrinseco torcia timeout infermo umiltà strappo esaltazione patristico paregorico gnomone falena dolente lamantino obliquo stressante,nudo censimento esaltazione gnomone umiltà infermo lamantino intrinseco falena obliquo paregorico patristico sbavatura dolente stressante timeout torcia
Ordina le seguenti parole in ordine alfabetico: Elenco: marlborough pyrotechnic puledra droghiere pedale transitivo piastrina consegnare landau hotbox zio siemens rabbia hessian gneiss convoy ninebark advent plat stapleton,avvento rabbia convoglio consegna puledra gneiss droghiere iuta hotbox landau marlborough ninebark plat piastrina pirotecnico siemens stapleton transitivo pedale zio
Ordina le seguenti parole in ordine alfabetico: Elenco: filamentoso semaforo giunco ​​audace xilofono sensate municipal harris intervenor battleground rubicund,audace campo di battaglia giunco ​​filamentoso harris intervenor rubicondo municipale semaforo sensitivo xilofono
Ordina le seguenti parole in ordine alfabetico: Elenco: contea quantificare nail o'connell falso bauer poole venezia accelerare candidato raisin putnam,accelerare il candidato per le unghie della contea di bauer o'connell il falso poole putnam quantificare l'uva passa venezia
Ordina le seguenti parole in ordine alfabetico: Elenco: bituminoso ami decadent knickerbocker exeter,ami bituminoso decadente exeter knickerbocker
Ordina le seguenti parole in ordine alfabetico: Elenco: slurp raytheon gloucester,gloucester raytheon slurp
Ordina le seguenti parole in ordine alfabetico: Elenco: clorato glidden incentive manatee spurt lavoisier judicatory,clorato glidden incentivo giudicante lavoisier lamantino scatto
Ordina le seguenti parole in ordine alfabetico: Elenco: non dovrebbe lorenz runneth skintight plastisol swept coven etruscan disturb,coven disturb etruscan lorenz plastisol runneth non dovrebbe essere attillato
Ordina le seguenti parole in ordine alfabetico: Elenco: shreveport gamut berg multiplexor bluish puerto subliminal,berg multiplexer gamut bluastro o puerto shreveport subliminale
Ordina le seguenti parole in ordine alfabetico: Elenco: daffy ipotesi croupier cantiere navale famiglia pecari triodo menestrello nepotismo sawtimber informazioni mantiche confessare serenata summate dovere d'argento terriccio mandato,confessare croupier daffy cantiere navale dovere famiglia ipotesi informazioni terriccio mandato mantic menestrello nepotismo pecari sawtimber serenata silver summate triode
Ordina le seguenti parole in ordine alfabetico: Elenco: campione puzzle acclamazione conduttura esente canapiglia ipotalamo stoffa sensoriale losanga hayes conclusione delirio colorante cappuccio conchiglia merce abbondante sarcastico adolescente,acclamazione campione merce di stoffa conclusione delirio esente da coloranti canapiglia cappuccio di fieno ipotalamo puzzle pastiglia conduttura abbondante sarcastico conchiglia sensoriale adolescente
Ordina le seguenti parole in ordine alfabetico: Elenco: dinastico infiammabile puntura tristan vitiate paranco stagnante conglomerato nebulose fosfuro,conglomerato dinastico nebulose infiammabili fosfuro puntura stagnante paranco tristano vitiato
Ordina le seguenti parole in ordine alfabetico: Elenco: dataline jill langmuir pipette famiglia,pipetta domestica jill langmuir dataline
Ordina le seguenti parole in ordine alfabetico: Elenco: punta abo frond indistinguibile azionista gasificare passeggero bonaventura armful oscillatorio referenziale guiana pancreatico attraverso l'embriologia herman dittatoriale cremare,abo bracciata bonaventura cremare dittatoriale embriologia fronda gasificare guiana herman indistinguibile oscillatorio pancreatico passeggero referenziale azionista attraverso punta
Ordina le seguenti parole in ordine alfabetico: Elenco: eterostruttura bertrand attento con cui bilancia palpebra finta sudest pasta snip,bertrand attento palpebra finta eterostruttura libra pasta snip sud-est con cui
Ordina le seguenti parole in ordine alfabetico: Elenco: summand cure gloria tyke dubbioso extoller entropy crackle procedural cottrell litigant bologna,bologna cottrell crackle cure dubbia entropia extoller gloria litigante sommario procedurale tyke
Ordina le seguenti parole in ordine alfabetico: Elenco: infiammazione crollo schiller jacqueline darkle piano funghi soggiorno macaco joanne gobble grassetto sst,grassetto darkle funghi gobble infiammazione jacqueline joanne macaque pianoforte schiller crollo soggiorno sst
Ordina le seguenti parole in ordine alfabetico: Elenco: tuono fase geld,tuono della fase monetaria
Ordina le seguenti parole in ordine alfabetico: Elenco: convair spaventare cittadino macchiato becchime per uccelli fatidico lenire ampio trilione adone sud-est burrascoso judaica trundle supporre contaminante,adone becchime cittadino contaminante convair vasto fatidico spaventare judaica stentato lenire sud-est tempestoso supponga trilioni trundle
Ordina le seguenti parole in ordine alfabetico: Elenco: dulse kowalewski yew politico,dulse kowalewski politico tasso
Ordina le seguenti parole in ordine alfabetico: Elenco: odessa danza formule manto dietetico costo huddle risplendente bolscevismo proust calore scadenza progenie esitante palazzo racket judson Foster belize terza mano,belize bolscevismo costo danza scadenza formule dietetiche adottivo esitante huddle judson mantello odessa palazzo progenie proust racchetta risplendente calore di terza mano
Ordina le seguenti parole in ordine alfabetico: Elenco: mohawk tebe arrogante celidonia fede ostile harold diploma ottavia,celidonia diploma fede harold ostile mohawk ottavia arrogante tebe
Ordina le seguenti parole in ordine alfabetico: Elenco: emission upon labor whim fairfax ride crepe prig complice az doff clatter circumcircle tea wheelbase pleura incantesimo viadotto corale camion,complice az corale circumcircle clatter crepe doff emissione fairfax incantesimo manodopera camion pleura prig ride tea upon viaduct passo capriccio
Ordina le seguenti parole in ordine alfabetico: Elenco: kenya beth,beth kenya
Ordina le seguenti parole in ordine alfabetico: Elenco: ampliare l'invidia,allargare l'invidia
Ordina le seguenti parole in ordine alfabetico: Elenco: skinny sharon sudan earthy parentage ciao detenuto annuncia co clayton carp fonetico watson nimbus,annuncia carp clayton co terroso ciao detenuto nimbus parentela fonetica sharon magro sudan watson
Ordina le seguenti parole in ordine alfabetico: Elenco: blutwurst horizon uranyl arraign portentous faber rancho peste glacier conveniente poco appariscente,accusare blutwurst conveniente faber ghiacciaio orizzonte poco appariscente peste portentoso rancho uranyl
Ordina le seguenti parole in ordine alfabetico: Elenco: yeager bengala fettle,bengala fettle yeager
Ordina le seguenti parole in ordine alfabetico: Elenco: tuba synapse inaudible brewster tithing,brewster sinapsi impercettibile decima tuba
Ordina le seguenti parole in ordine alfabetico: Elenco: gangster invernale ugh brown fleabane longish ipsilateral cortex hair diminutive trapezoidal guy richfield highfalutin borough foot delphinium cosec abstract,astratto borgo bruno corteccia cosec delphinium diminutivo fleabane piede tizio capelli highfalutin omolaterale allungato mafioso richfield trapezoidale ugh inverno
Ordina le seguenti parole in ordine alfabetico: Elenco: episodio molibdeno programma gallina sparkman calabash marietta pedante balzo vinaigrette berra,berra calabash episodio gallina marietta molibdeno pedante programma balzo vinaigrette sparkman
Ordina le seguenti parole in ordine alfabetico: Elenco: aberdeen swaziland vivace cavalletto analogico deciduo,cavalletto deciduo analogico aberdeen vivace swaziland
Ordina le seguenti parole in ordine alfabetico: Elenco: stephen amperage protocol crimea farther raillery tech insolent ping,amperaggio crimea più insolente protocollo ping burla stephen tech
Ordina le seguenti parole in ordine alfabetico: Elenco: keller frame hippodrome bungle tuorlo anheuser prompt together spidery chaperon miterwort,anheuser bungle chaperon telaio ippodromo keller miterwort prompt spidery insieme tuorlo
Ordina le seguenti parole in ordine alfabetico: Elenco: punto di riferimento pilota fantasticheria ascia prorata sussulto macchina loess stallone anfibio percentuale redcoat baseplate affondò assist wehr ritorno a casa ell pensieroso,anfibio assist baseplate benchmark ell ascia di guerra ritorno a casa loess macchina percentuale pilota giubba rossa prorata fantasticheria affondò stallone premuroso wehr wince
Ordina le seguenti parole in ordine alfabetico: Elenco: cappello nucleo sonetto discreto,nucleo sonetto cappello discreto
Ordina le seguenti parole in ordine alfabetico: Elenco: marimba retrofit alfabeto birmingham filologia moda educare meccanico cantonese fond entourage,alfabeto birmingham cantonese educare entourage moda appassionato marimba meccanico filologia retrofit
Ordina le seguenti parole in ordine alfabetico: Elenco: noce scoot jugoslavia retrorazzo poliedro,jugoslavia poliedro retrorocket scoot noce
Ordina le seguenti parole in ordine alfabetico: Elenco: impedisci l'apparecchio pulitzer superiore,apparecchio impedisce pulitzer superiore
Ordina le seguenti parole in ordine alfabetico: Elenco: indica pantano predatore intestino vantaggioso maresciallo attraverso contrabbando volo direttrice commistione,attraverso la commistione di viscere di volo direttrici indica il vantaggio del contrabbando del maresciallo predatore pantano
Ordina le seguenti parole in ordine alfabetico: Elenco: punto steelmake indomitable wigging cubby sheaf pique thymine exotica good mental brake nick rajah lineage choose bunny drone chevalier,freno coniglietto chevalier scegliere cubby drone exotica buono indomabile lignaggio mentale nick pique rajah covone steelmake punto timina parrucca
Ordina le seguenti parole in ordine alfabetico: Elenco: sopra prometeo spezzato coesistere grande dominare olivo vite terza mano irk,sopra coesistono grosse rotture dominano irk olive prometheus vite di terza mano
Ordina le seguenti parole in ordine alfabetico: Elenco: plebiscito colombo inviolate pantano garry satanico magnanimità aeneas notorietà nevada punto d'appoggio glicerina lucre tennyson tipo scription pompey softball spleenwort volpe,aeneas colombo appiglio volpe garry glicerina lucro inviolato magnanimità nevada notorietà plebiscito pompey pantano satanico scription softball spleenwort tennyson tipo
Ordina le seguenti parole in ordine alfabetico: Elenco: ow cubito educazione credulone awash inane abito bateau scottsdale auxin eutettico giurisprudenziale piroetta shockley nepenthe micio schwartz vischio diario di viaggio,auxin awash bateau cubito abito eutettico credulone sciocco giurisprudenziale vischio nepenthe ow pirouette micio schwartz scottsdale shockley diario di viaggio educazione
Ordina le seguenti parole in ordine alfabetico: Elenco: tipoff fructose coleus hurricane cite tularemia irriducible wier improbable whitetail vesper whereabout,cita coleus fruttosio uragano improbabile irriducibile tipoff tularemia vesper dov'è whitetail wier
Ordina le seguenti parole in ordine alfabetico: Elenco: delmarva sawfly aroma cenno del capo cancerogeno parrocchiale facetious designate syllabus rally,aroma cancerogeno delmarva designare facetious cenno parrocchiale raduno sawfly programma
Ordina le seguenti parole in ordine alfabetico: Elenco: statutario feed spavin hecatomb pestello plume figural pastoso dà incenso ondulato medio blackstone tel ostinazione dentifricio caccia dolina,blackstone feed figural giveth hecatomb caccia incenso mezzo ostinazione pastoso pestello pennacchio voragine spavin statutario tel dentifricio ondeggiare
Ordina le seguenti parole in ordine alfabetico: Elenco: analisi multiproprietà blueback telefonia usa vacillare credenziali erda geofisica fireproof den shibboleth swampland keynote porte stonewort testimonial augustine guitar meter,analisi agostino blueback credenziali den erda vacillare ignifugo geofisica chitarra keynote metro porte shibboleth stonewort palude telefonia testimonianza multiproprietà usa
Ordina le seguenti parole in ordine alfabetico: Elenco: comet pincer snippet manley injun portavoce hydrate heusen cocksure,cometa arrogante heusen idrato injun manley tenaglia portavoce snippet
Ordina le seguenti parole in ordine alfabetico: Elenco: million boone chalcedony sinai satin signorile alternate charity olden,alternativo boone calcedonio beneficenza signorile milioni di raso antico sinai
Ordina le seguenti parole in ordine alfabetico: Elenco: yucca volontaria limnologia favoloso settimo cubo salice kitakyushu sequel ninnolo senescente lunghezza,gingillo cubo favoloso kitakyushu lunghezza limnologia senescente sequel settimo salice volontario yucca
Ordina le seguenti parole in ordine alfabetico: Elenco: whale nevins purea pusey protein pullman benefice squeamish river improvise,beneficio improvvisare nevins proteine ​​pullman purea pusey river squeamish whale
Ordina le seguenti parole in ordine alfabetico: Elenco: underclassmen pegging dale bartok goat martinson whoop badinage brunswick fraternity allele dar yourself dun anthropocentric banish starkey morphemic monomer desolater,allele antropocentrico badinage bandire bartok brunswick dale dar desolater dun confraternita capra martinson monomero morfemico pegging starkey underclassmen urlare voi stessi
Ordina le seguenti parole in ordine alfabetico: Elenco: sortie neff nicodemus,sortita del nipote Nicodemo
Ordina le seguenti parole in ordine alfabetico: Elenco: berniece bremsstrahlung hoe avalanche showroom goff dactylic befriend fretta housekeep lanka gilbertson posterior flick bong hereafter metazoan,avalanche fare amicizia berniece bong bremsstrahlung dactylic flick gilbertson goff d'ora in poi zappa governante sbrigati lanka metazoan posteriore showroom
Ordina le seguenti parole in ordine alfabetico: Elenco: testy trench peccato reumatico brividi orfanotrofio functor zorn butadiene spec racy heck flair snowball booby,booby butadiene flair functor diamine orfanotrofio vivace brividi reumatici peccato palla di neve spec testy trench zorn
Ordina le seguenti parole in ordine alfabetico: Elenco: leatherback scald nikko megohm soggiorno woodcarver anteo hi caw figlia gloria terminal schroedinger impermeabile in magnesio helvetica devonshire,anteo caw figlia devonshire gloria helvetica hi liuto magnesio megohm nikko impermeabile scottatura schroedinger soggiorno terminale intagliatore di legno
Ordina le seguenti parole in ordine alfabetico: Elenco: suono consternate tariffa benedetto quiz di prossimità xerxes buxton,benedetto buxton consternate quiz di prossimità suono serse tariffario
Ordina le seguenti parole in ordine alfabetico: Elenco: xilema neoclassico resto quarantesimo marshall wiley convogliare esperimento piagnucolare kudo decimare z incauto,trasmettere decimare esperimento quarantesimo incauto kudo marshall neoclassico resto piagnucolare wiley xylem z's
Ordina le seguenti parole in ordine alfabetico: Elenco: oscuro pvc singoletto yeats musulmano cocchieri ecclesiastici compagno gazpacho imbarcare incontaminato granulare zoppicare ingrassare allot too niggle chauncey triple coddington,assegnare chauncey ecclesiastici cocchieri coddington compagno imbarcare ingrassare gazpacho granulare zoppicare oscuro musulmano niggle incontaminato pvc singoletto triplo troppo yeats
Ordina le seguenti parole in ordine alfabetico: Elenco: faticoso concorso a premi introverso legna da ardere per posto auto coperto,posto auto coperto legna da ardere introverso lotteria noioso
Ordina le seguenti parole in ordine alfabetico: Elenco: zinco coriolanus pelle banditi più orientali scavenge cotoletta muschiata sinaptica scricchiolio paradiso paula astigmat muscoloso figlioccio fanciullesco,astigmat fanciullesco coriolano scricchiola cotoletta più orientale figlioccio cielo banditi pelle muscoloso muschiato paula scavenge zinco sinaptico
Ordina le seguenti parole in ordine alfabetico: Elenco: fruscio bucolico oblungo,fruscio oblungo bucolico
Ordina le seguenti parole in ordine alfabetico: Elenco: rugiada betelgeuse inspiegabile sgargiante tao macchia carnosa blu traccia lavaggio grossman lyre caudal epoch trailside char cianuro,betelgeuse blu salmerino caudale cianuro rugiada epoca grossman inspiegabile lira carnosa macchia elegante tao sentiero sentiero lavaggio
Ordina le seguenti parole in ordine alfabetico: Elenco: supponente riflusso interiore visibile giurassico piatto cardamomo mammario immediatamente concessore frana valchiria criptico prepotente nassau insormontabile,prepotente cardamomo criptico riflusso pianura subito insormontabile interno giurassico frana licenziante mammario nassau supponente visibile valchiria
Ordina le seguenti parole in ordine alfabetico: Elenco: neal ortodontista soybean espatriato elliot unipolare ann cometh blake confermativo casual crinkle carbondale hangable degum bishopric shenandoah telegraph allocate tuxedo,allocate ann bishopric blake carbondale casual cometh cresima crinkle degum elliot expatriate hangable neal ortodontist shenandoah soybean telegraph tuxedo unipolare
Ordina le seguenti parole in ordine alfabetico: Elenco: opaco gioco aldebaran sentore fibra di legno pulsante forma lago mcgee watchworks imprenditoriale legno di bosso leggere cortile cavolo poliedri viso leggero rowley rae invincibile,aldebaran cortile cavolo di bosso imprenditoriale gioco di fibreboard sentore invincibile sul lago lightface opaco mcgee leggere poliedri pulsare rae rowley forma watchworks
Ordina le seguenti parole in ordine alfabetico: Elenco: ecosistema nuvoloso furetto nodoso,ecosistema nuvoloso furetto nodoso
Ordina le seguenti parole in ordine alfabetico: Lista: definito tradurre aggressione aracne lungo sanford bystander asplenio gneiss sud-est,aggressione arachne asplenium bystander definito gneiss lungo sanford sud-est tradurre
Ordina alfabeticamente le seguenti parole: Elenco: telaio caruso caporale signora,caruso chassis corporal signora
Ordina le seguenti parole in ordine alfabetico: Elenco: nv menlo boyd contrappeso groove spumoni intangibile sans ovopositor nascondi detersivo assillante,besetting boyd contrappeso detergente scanalatura nascondi intangibile menlo nv ovipositor sans spumoni
Ordina le seguenti parole in ordine alfabetico: Elenco: betony bronzey charge cordiale artigianato cinghiale collet clemens bootleg possession mesh centaur contemporaneo macmahon underclassman monterey dorado controvariant regina,betony boar bootleg bronzy centaur charge clemens collet contemporaneo controvariant cordiale dorado artigianato macmahon mesh monterey possession regina underclassman
Ordina le seguenti parole in ordine alfabetico: Elenco: admixture catwalk shelve panamanian riluttante higgins aspirazione irrimediabile chateaux offertory malthusian coordinate tunis pecos equine,mescolanza passerella chateaux coordinare equino higgins irrimediabile offertorio malthusiano panamense pecos riluttante accantonare aspirazione tunisi
Ordina le seguenti parole in ordine alfabetico: Elenco: wreak hidebound bandwidth,larghezza di banda hidebound wreak
Ordina le seguenti parole in ordine alfabetico: Elenco: arroyo ambient voltmeter segretario appropriato intimidire breccia o'connor surtout perplex coupon martinson terrestrial faze timpano cinque volte miliardo social,ambiente appropriato arroyo miliardi breccia coupon timpano faze quintuplo intimidire martinson o'connor perplesso segretario social surtout terrestre voltmetro
Ordina le seguenti parole in ordine alfabetico: Elenco: facciata intasata indeterminabile macchia di ciminiera assicurare ostentato sanderson contendere paradigmatico lucente butterball sordo dinosauro prepotente rima sashimi ciao cornetta,assicurare prepotente butterball addio contendere cornetta sordo dinosauro facciata imbrattata indeterminabile lucente ostentato paradigmatico rima sanderson sashimi ciminiera contaminazione
Ordina le seguenti parole in ordine alfabetico: Elenco: polmone segreto cotman coffman quirinale deviazione rabarbaro notato monologo giacobino gnostico stufa collisione membrana amaca tabacco zaino,zaino coffman collisione cotman deviazione gnostico amaca polmone giacobino membrana monologo notazione quirinale rabarbaro segreto stufa tabacco
Ordina le seguenti parole in ordine alfabetico: Elenco: nutria anarmonica infiammazione bella,anarmonica bella nutria infiammazione
Ordina le seguenti parole in ordine alfabetico: Elenco: destinatario non può abilità artistica golf cascata markov nove swingable shanghai condimento proiettile mimosa sguardo gentiluomini fiore di campo racconto,abilità artistica non può cascata condimento destinatario signori sguardo golf markov mimosa nove proiettile shanghai racconto oscillante fiore di campo
Ordina le seguenti parole in ordine alfabetico: Elenco: estinguere autocrazia loggia sfruttamento custodia ventricolo rendita bruno colpo di tuono militante somatico osare acquisitivo,rendita acquisitiva autocrazia bruno custodia osare sfruttamento loggia militante estinguere ventricolo a rombo di tuono somatico
Ordina le seguenti parole in ordine alfabetico: Elenco: gazpacho zavorra indiscreta agglomerato erosibile ogle dollop spagnolo tela cerata scadenza manuel estensore,agglomerato zavorra dollop erosible scadenza estensore gazpacho indiscreto manuel ogle tela cerata spagnolo
Ordina le seguenti parole in ordine alfabetico: Elenco: vacillare tuscarora rinvigorire porridge wetland libia residuary wrapup ludlow landlady kamikaze christiana jot antler mallow,corna christiana vacillare rinvigorire jot kamikaze padrona di casa libia ludlow malva porridge residuo tuscarora zona umida wrapup
Ordina le seguenti parole in ordine alfabetico: Elenco: cristallografia indagine bindle rundown shiphape roadside strange chiang dent mambo savannah vomitare non ram,bindle chiang cristallografia ammaccatura mambo ariete lungo la strada fatiscente savannah forma di nave vomitare strano sondaggio non lo farà
Ordina le seguenti parole in ordine alfabetico: List: deform budd,beneficio deformare
Ordina le seguenti parole in ordine alfabetico: Elenco: lise snipe miaow,lise miaow beccaccino
Ordina le seguenti parole in ordine alfabetico: Elenco: foliate damon europa pot-pourri,damon europa foliate potpourri
Ordina le seguenti parole in ordine alfabetico: Elenco: siluro fosforescente incontaminato decadente rimpicciolito dey amministrare laureato collo piccolo gettato jacky cocchiere eneide verdetto degustazione sinh delhi systemwide grim,amministrare eneide cocchiere decadente delhi dey gradate cupo jacky littleneck fosforescente incontaminato rimpicciolito sistema sinh ampia degustazione lanciato siluro verdetto
Ordina le seguenti parole in ordine alfabetico: Elenco: spontaneità liscia eseguibile spallina bobina calunnia unno anastasia onnipotente premio locanda macedone calpestamento tana allinea apache mastice adsorbimento anastomotico,adsorbimento allineare anastasia anastomotica apache premio bobina tana calunnia spallina esecrabile osteria unno macedone onnipotente mastice calpestamento liscia spontaneità
Ordina le seguenti parole in ordine alfabetico: Elenco: legno morto macedonia coda di volpe blocco esadecimale garanzia rubaiyat victoria custode,blocco custode deadwood coda di volpe garanzia esadecimale macedonia rubaiyat victoria
Ordina le seguenti parole in ordine alfabetico: Elenco: din spruce nate pomade jordan gaillardia putt inroad jest kill jackboot whelan mirth amerada artigiani difetto eclipse,amerada artigiani din eclipse gaillardia inroad jackboot jest jordan kill mirth nate pomade putt difetto abete rosso whelan
Ordina le seguenti parole in ordine alfabetico: Elenco: roadster conte metaforico olandese sovranazionale psiche pedro gloss muesli quarantena infausto pene baccarat arenaceous mackenzie blare bowman,arenaceo baccarat blare bowman conte gloss granola olandese infausto mackenzie metaforico pedro pene psiche quarantena roadster sovranazionale
Ordina le seguenti parole in ordine alfabetico: Elenco: solstice roadway loquacious niece pianeta destriero abutted hondo loosen agamemnon islamic capacity tibet hitachi essex casualty guinea aquatic sospetto,appoggiato agamennone capacità acquatica incidente essex guinea hitachi hondo islamico allentare loquace nipote pianeta carreggiata solstizio destriero sospetto tibet
Ordina le seguenti parole in ordine alfabetico: Elenco: dodici volte o'connell mainstream malformato ombelicale bivalve aceto mortificare investigatore panciuto,bivalve mainstream malformato mortificare o'connell paunchy sleuth aceto ombelicale dodici volte
Ordina le seguenti parole in ordine alfabetico: Elenco: boletus ulysses debugging passband lucretia necktie deportee calypso revving conklin onnipotent,boletus calypso conklin debugging deportato lucretia cravatta onnipotente banda passante revving ulysses
Ordina le seguenti parole in ordine alfabetico: Elenco: primo piano thesaurus intelligente buckaroo vertebrale scaltro blutwurst laguerre,black pudding buckaroo primo piano intelligente laguerre thesaurus vertebrale scaltro
Ordina le seguenti parole in ordine alfabetico: Elenco: scopa fedele menu intero gondola lavaggio del cervello mortale soc cinematica,scopa del lavaggio del cervello verso la morte fedele gondola intero menu cinematico soc
Ordina le seguenti parole in ordine alfabetico: Elenco: wv abitazione panicking schoolmate aerodynamic giacomo nebulous offset vector roosevelt jimmy botanist suburbia padre,botanico aerodinamico giacomo abitazione jimmy nebuloso offset padre in preda al panico roosevelt compagno di scuola suburbia vettore wv
Ordina le seguenti parole in ordine alfabetico: Elenco: labile croccante evidenziare insilato giudaismo allocabile vale fenolo dissipare bertram necessità champlain boutique idrologia facto spesso,allocabile bertram boutique champlain croccante dissipare facto evidenziare idrologia giudaismo labile necessità spesso fenolo insilato vale
Ordina le seguenti parole in ordine alfabetico: Elenco: hodges deoxyribose troupe motorcade devisee stratificare auerbach decor incommensurable dianne,auerbach decor desoxyribose devisee dianne hodges corteo incommensurabile stratificare troupe
Ordina le seguenti parole in ordine alfabetico: Elenco: biunivoco canzone guida briton irrevocable eigenspace reversibile floruit dive jacket dim glycogen pinkish gaucherie concord,bijective briton concord dim dive eigenspace floruit gaucherie glicogeno guida giacca irrevocabile pinkish reversible song
Ordina le seguenti parole in ordine alfabetico: Elenco: caduto giovanile diagramma delle bermuda ezra stridulo aristocratico ammuffito assorbimento lasco quartile cenno del capo nigeria testicolo congo allegro eucre cesio,assorbimento aristocratico bermuda cesio allegro congo diagramma eucre ezra caduto giovanile ammuffito nigeria cenno del capo quartile stridulo flaccido testicolo
Ordina le seguenti parole in ordine alfabetico: Elenco: stanhope sisyphus funghi scopo midwinter mendelevium studious driveway simmetry despond calpestare strizzare striped clearheaded incapsulate vs gob christen,christen clearheaded despond vialetto incapsulare funghi gob mendelevium midwinter purpose sisyphus stanhope striscia simmetria studiosa calpestare vs strizzare
Ordina le seguenti parole in ordine alfabetico: Elenco: marshmallow doge alpenstock ocean accept angus drool jutish resistive chromium rumoroso castigate prize octennial stonewort concision elizabethan,accettare alpenstock angus castigare cromo concisione doge sbavare elisabettiano jutish marshmallow oceano premio ottennale resistivo stonewort rumoroso
Ordina le seguenti parole in ordine alfabetico: Elenco: jocund flagellato guardia del corpo flottazione commensale coinvolgimento miff inestirpabile postprocesso,guardia del corpo commensale flagellato flottazione inestirpabile coinvolge jocund miff postprocesso
Ordina le seguenti parole in ordine alfabetico: Lista: gloriana milord rendezvous schnabel allegoric loge lollipop salle collate prolix mast euphony,allegorica fascicolazione eufonia gloriana loge lecca-lecca montante milord prolix rendezvous salle schnabel
Ordina le seguenti parole in ordine alfabetico: Elenco: pea yonkers darkle quadrant versoio instant olsen hookup erudite lip,darkle erudite hookup instant lip versoio olsen pisello quadrante yonkers
Ordina le seguenti parole in ordine alfabetico: Elenco: rimpianto assorbimento soddisfare ecco fumarola motivo avanti alcool bocchetta pisello hackberry walkie,alcol ecco stemma avanti fumarola motivo baccaro pisello rimpianto soddisfare assorbimento walkie
Ordina le seguenti parole in ordine alfabetico: Elenco: charcuterie pasticcio diatomea impenetrabile calpestio crocifisso greenberg parlato sincrono,salumi crocifisso diatomea calpestio greenberg impenetrabile pasticcio parlato sincrono
Ordina le seguenti parole in ordine alfabetico: Elenco: sibyl calligraph goat inverness form logoro,forma calligrafica capra inverness sibilla logora
Ordina le seguenti parole in ordine alfabetico: Elenco: ensemble di apprensione di anacardi,ensemble di anacardi apprensione
Ordina le seguenti parole in ordine alfabetico: Elenco: mare altezzoso,superba riva del mare
Ordina le seguenti parole in ordine alfabetico: Elenco: postcondizione musicologia protoplasmatica tendenza rialzista elicoidale vasocostrizione diacritico bistecca attenzione luogo di nascita bicicletta junctor stato ostinato banshee linfa,banshee bistecca attenzione bicicletta luogo di nascita segno diacritico giunzione elicoidale musicologia ostinato postcondizione linfa protoplasmatica stato tendenza rialzista vasocostrizione
Ordina le seguenti parole in ordine alfabetico: Elenco: sussurro vista cinciallegra miraggio fletch grido biennale creedal miltonic fraudolento j,biennial creedal grido vista fletch fraudolento j miltonic mirage titmice sussurro
Ordina le seguenti parole in ordine alfabetico: Elenco: moltitudine adotta salario worcestershire pacifista afgano barlume venerdì,adottare afghan friday barlume moltitudinoso salario pacifista Worcestershire
Ordina le seguenti parole in ordine alfabetico: Elenco: lethe bilk perturb tactual,bilk lethe perturb tactual
Ordina le seguenti parole in ordine alfabetico: Elenco: liggett sterno pintail dilate frolic piggish avanti parametro mattatoio lacunae mcintosh macchia di sangue pigro unesco protettore testa di ponte algonquin,algonquin testa di ponte macchia di sangue dilatare avanti frolic lacune pigro liggett mcintosh parametro porcellino codone protettore mattatoio sterno unesco
Ordina le seguenti parole in ordine alfabetico: Elenco: erudito sposabile stahl coach sconsigliabile vicksburg virgo browniano eosina magnesio lino,allenatore browniano eosina lino erudito magnesio sconsigliabile matrimonio stahl vicksburg virgo
Ordina le seguenti parole in ordine alfabetico: Elenco: clifford brindle lucherino gongolare fiorista triploidy willard sacramento,brindle clifford fioraio gongolare sacramento lucherino triploidy willard
Ordina le seguenti parole in ordine alfabetico: Elenco: confronto quantitativo proserpine correzione di bozze papà irsuto,confronto papà irsuto correzione di bozze proserpina quantitativa
Ordina le seguenti parole in ordine alfabetico: Elenco: allyn carbonaceous maiorca investigatory supersede cetacean pathogenic johann tung paradigmatic pray,allyn carbonioso cetaceo investigativo johann maiorca paradigmatico patogeno pregare sostituire tung
Ordina le seguenti parole in ordine alfabetico: Elenco: calice accenti vii elgin perquisite implacabile merlo afro jura mayapple whit bias,merlo afro colpa calice elgin enfasi implacabile jura mayapple perquisite vii bianco
Ordina le seguenti parole in ordine alfabetico: Elenco: cast palazzi inibire arragon tavolo danbury abbe adposition emplace gavin reddito falsetto oneroso,abbe adposition arragon cast danbury emplace falsetto guadagnando reddito inibisce il tavolo dei palazzi onerosi
Ordina le seguenti parole in ordine alfabetico: Elenco: ulcerate ballroom sparse intrepid arcing prorogue dodge benefit coupon ladle buggy shagging fagotto hypothermia decide affermative airframe junior nineveh schmitt,affermativo cellula arcing sala da ballo fagotto vantaggio buggy coupon decidere schivare ipotermia intrepido junior mestolo ninvea prorogue schmitt scopare radi ulcerate
Ordina le seguenti parole in ordine alfabetico: Elenco: statuette whiteface lauderdale encumber atonic specific olivia adipic neutrino antique catch persona atleta sovranità,adipico antiquariato atleta atonico cattura gravare lauderdale neutrino olivia persona sovranità specificare statuetta whiteface
Ordina le seguenti parole in ordine alfabetico: Elenco: borgo iperboloidale,borough iperboloidale
Ordina le seguenti parole in ordine alfabetico: Elenco: yves testa a testa scriba navigabile manumitted clapeyron sollevare mascalzone ricognizione agile xilografia piede leggero ventre seghettato scarso geofisico saccente mathieu cognoscenti intenzionale sgargiante,agile mascalzone culo clapeyron conoscitore sgargiante sollevamento geofisico piede leggero manomesso mathieu magro ricognizione intenzionale ventre seghettato scriba in grado di navigare sagace xilografia yves
Ordina le seguenti parole in ordine alfabetico: Elenco: duane harriet impressionible whippet glamour cowbell vietnamese fest centralino anaglifo texture,anaglifo campanaccio duane fest glamour harriet impressionible switchboard texture whippet vietnamita
Ordina le seguenti parole in ordine alfabetico: Elenco: plural dose allstate stalin dyad multitudinous powderpuff,allstate dose dyad multitudinous plural powderpuff stalin
Ordina le seguenti parole in ordine alfabetico: Elenco: crossbill bushland capacitivo magro rimbalzo batteria enigma wysiwyg portafoglio lipton jane wacke contingent,batteria bushland capacitivo contingent crossbill enigma jane lipton meager ricochet wacke portafoglio wysiwyg
Ordina le seguenti parole in ordine alfabetico: Elenco: corpulent diagnostic code scalp bombproof fluoro blythe swipe honeybee damn pore maharaja cytolysis sollecitare,codice blythe a prova di bomba citolisi corpulenta dannazione diagnosticare fluoro ape maharaja poro cuoio capelluto sollecitare scorrere
Ordina le seguenti parole in ordine alfabetico: Elenco: fugue chicanery mountain,imbroglio fuga montagna
Ordina le seguenti parole in ordine alfabetico: Elenco: sideboard procustean seepage buxton olympic tty dattiloscritto marque callus unitario cameron contributo preciso verifica scaffale estensibile metanolo,buxton callus cameron contributo estensibile marca metanolo olimpico preciso infiltrazioni di procuste mensola credenza tty dattiloscritto verifica unitaria
Ordina le seguenti parole in ordine alfabetico: Elenco: sociolinguistico nigeria odysseus demistificare proton voltaire penny contaminare bighorn staffa,bighorn contaminare demistificare nigeria odysseus centesimo protone sociolinguistico staffa voltaire
Ordina le seguenti parole in ordine alfabetico: Elenco: segno lapidario grasso,segno lapidario untuoso
Ordina le seguenti parole in ordine alfabetico: Elenco: coreografo ritardante multiforme pro carbonic equestrian wishful wigwam countersink libia autenticate metal have corvallis nitric petizione offuscante,autenticare la coreografia carbonica corvallis countersink equestre avere libia metal multiforme petizione offuscante nitrico pro ritardante wigwam wishful
Ordina le seguenti parole in ordine alfabetico: Elenco: oakland seaborg jacobi membrane trapezoidal allis marmot toggle anthology,allis anthology jacobi marmot membrane oakland seaborg toggle trapezoidale
Ordina le seguenti parole in ordine alfabetico: Elenco: monotono slick provocazione functor nascondiglio holeable assimilabile lola calypso nebuchadnezzar corniolo pacifismo bivariato comprato,assimilabile bivariata comprato calypso corniolo functor nascondiglio bucabile lola monotono nabucodonosor pacifismo provocazione chiazza di petrolio
Ordina le seguenti parole in ordine alfabetico: Elenco: livre substitution ix frisian panoramic buckley,Buckey Frisian IX livre sostituzione panoramica
Ordina le seguenti parole in ordine alfabetico: Elenco: no spokane cartilagineus that'd science,cartilagineo nessuna scienza spokane che'd
Ordina le seguenti parole in ordine alfabetico: Elenco: splashy rettitudine novità,novità rettitudine splashy
Ordina le seguenti parole in ordine alfabetico: Elenco: sediment varsity asciugamano frattura,varsity dell'asciugamano del sedimento di frattura
Ordina le seguenti parole in ordine alfabetico: Elenco: finzione ursa confidenziale ouverture fatata eterozigote marrubio,finzione fatata confidenziale eterozigote marrubio ouverture ursa
Ordina le seguenti parole in ordine alfabetico: Elenco: mckinley pesticide school radiometer marque prig relish trianon inspiration artful cancelled castrate glaucous ear croon tioga rothschild excite endpoint citadel,abile cancellato castrare cittadella croon orecchio endpoint eccitare glauco ispirazione marque mckinley pesticida prig radiometro assaporare scuola rothschild tioga trianon
Ordina le seguenti parole in ordine alfabetico: Elenco: iniquity yogurt dietro vulcanismo hornpipe mcconnell scorn zip toroidal mollie sandy wellwisher detenuto,dietro hornpipe iniquity detenuto mcconnell mollie sandy disprezzo vulcanismo toroidale wellwisher yogurt zip
Ordina le seguenti parole in ordine alfabetico: Elenco: estemporaneo ottenuto,estemporaneo ottenuto
Ordina le seguenti parole in ordine alfabetico: Elenco: yang rinunciare allegri disadattare olefin canaan ranch batavia,batavia canaan disadattato allegro olefina ranch rinunciare yang
Ordina le seguenti parole in ordine alfabetico: Elenco: yuh edt cheddar oblio da commovente pang,cheddar edt dall'oblio fitta struggente yuh
Ordina le seguenti parole in ordine alfabetico: Elenco: zan natalie coplanar stevenson,complanare natalie stevenson zan
Ordina le seguenti parole in ordine alfabetico: Elenco: bottle kenney chapati okinawa boon bedtime,bottiglia del dono della buonanotte chapati kenney okinawa
Ordina le seguenti parole in ordine alfabetico: Elenco: contrarietà cerchio muong dimorfico uncinetto immediatamente offensivo titolare prodigio politopo garantire atavismo emanare iniquità macinare più katie,atavismo contrarietà uncinetto dimorfico emanare immediatamente macinare garantendo cerchio male iniquità katie più muong politopo prodigio titolo
Ordina le seguenti parole in ordine alfabetico: Elenco: sloane fuso equip hillman max cochran pratica advisee kuwait cancelleria orme di zoccoli cardigan malfattore seguito wuhan scimmia apostata acrobazia crowbait,acrobazia consigliere scimmia apostata cardigan cancelleria cochran crowbait equipaggiare malfattore hillman impronta di zoccolo kuwait max fuso pratica seguito sloane wuhan
Ordina le seguenti parole in ordine alfabetico: Elenco: catawba almagesto transfusabile milt fotolisi limpido gnomo acerrimo nemico cadente consigliere decremento junghiano,almagesto acerrimo nemico catawba consigliere decremento gnomo junghiano limpido milt fotolisi cascante trasfusabile
Ordina le seguenti parole in ordine alfabetico: Lista: inscribe upraise perceptive tragican peculate cunard posterior raw danubian,crudele cunard danubiano inscrive percettivo peculato posteriormente elevazione tragica
Ordina le seguenti parole in ordine alfabetico: Elenco: madeira offprint trafficato soggetto immemorabile micro clinica sprue marx va anaheim mangiato,clinica di anaheim mangiato immemorabile madeira marx micro offprint sprue soggetto trafficato va
Ordina le seguenti parole in ordine alfabetico: Elenco: reedy prepotente multiplo edt vendere lessicografo referente cincia fustigazione percettivo minore bosforo rancoroso forfait pizza pungente sedizione sughero,bosporus prepotente sughero edt fustigazione forfait lessicografo minore multiplo percettivo pizza pungente rancoroso reedy referente sedizione vendere tetta
Ordina le seguenti parole in ordine alfabetico: Elenco: tredicesima carta stagnola ditale tabacco da fiuto ernie pow celebrità abuilding indiscoverable chigger burgher sincrono yap medlar esorcismo strillone,abuilding burgher celebrità chigger ernie esorcismo indiscoverable nespola strillone pow snuff sincrono ditale tredicesimo stagnola yap
Ordina le seguenti parole in ordine alfabetico: Elenco: saprofitic confident pam stowaway stupor foundling compton,compton fiducioso trovatello pam stupore clandestino saprofitico
Ordina le seguenti parole in ordine alfabetico: Elenco: epifita veloce vela ancora barra dimensione faunistico integrare eleanor spigoloso singolare patrizia ortodossia parasole ciondolo fibbia concatenare masochista,ancoraggio barre fibbia concatenare dimensione spigoloso eleonora epifita faunistico integrare masochista ortodossia parasole patrizio pendente vela singolare rapido
Ordina le seguenti parole in ordine alfabetico: Elenco: butterscotch veterinario kochab molybdate extoller amos farrell academia colpo d'occhio predatory beautiful ford fiducial metzler europium tortuoso diatomea monomero,accademia amos bella butterscotch tortuosa diatomea europio extoller farrell fiducial guado sguardo kochab metzler molibdato monomero predatore veterinario
Ordina le seguenti parole in ordine alfabetico: Elenco: mater rica sigmund dean eosine inebriate gibson vassar mulligatawny formula,dean eosine formula gibson inebriate mater mulligatawny rica sigmund vassar
Ordina le seguenti parole in ordine alfabetico: Elenco: elogiativo shakespeariano,shakespeariano elogiativo
Ordina le seguenti parole in ordine alfabetico: List: fasciculate judicature presto,fasciculate judicature presto
Ordina le seguenti parole in ordine alfabetico: Elenca: allora wireman crag scrawny electrolytic wife cutover dickson clytemnestra ha preso diocletian lipton inhuman stalk posto di lavoro marginale,clitennestra dirupo cutover dickson diocleziano elettrolitico disumano lipton marginale magro gambo allora prese moglie wireman posto di lavoro
Ordina le seguenti parole in ordine alfabetico: Elenco: bruckner ammirazione technion bandgap airone postprocessore capelvenere fungo allusione gambetto accessorio boccascena crociera,accessorio ammirazione allusione bandgap bruckner crociera fungus gambetto airone capelvenere postprocessor boccascena technion
Ordina le seguenti parole in ordine alfabetico: Elenco: grammatico cavalleresco polkadot ferocia gastronomica brenda knutson fenotipo endoteliale irriducibile bilineare rockaway derivato mangiato cacao scurrile,bilineare brenda cacao derivato cavalleresco mangiato endoteliale ferocia grammaticale gastronomico irriducibile knutson fenotipo polkadot rockaway scurrile
Ordina le seguenti parole in ordine alfabetico: Elenco: iperboloide fibbia liquidare alcali nagasaki breccia falsetto parmigiano allegria,alcali violazione fibbia falsetto iperboloide liquidare allegria nagasaki parmigiano
Ordina le seguenti parole in ordine alfabetico: Elenco: hornblower dissipate amanita canticle fastidio besiege straight notre propylene sepia california pascolo encephalitis boggle coccodrillo dexter snipe amatory vertigine psichiatrico,amanita amatoria seccare assediare boggle california canticle coccodrillo dexter dissipare vertiginoso encefalite hornblower notre pascolo propilene psichiatrico seppia beccaccino dritto
Ordina le seguenti parole in ordine alfabetico: Elenco: residuo pacifico sulfanilamide kingsley eft caliber headboard stamp phillip upholster irishman lobby nary gastrointestinale fragile faulkner capricious ouzo phylum,calibro capriccioso eft faulkner fragile testiera gastrointestinale irishman kingsley lobby nary ouzo pacifico phillip phylum residuo timbro sulfanilamide imbottitura
Ordina le seguenti parole in ordine alfabetico: Elenco: multipletto catsup hypothalamus scherzo bridesmaid average therewith invocable coddle charm inequity region abbas trumpery memorandum shutout integrale dogfish floema inconvertible,abbas medio damigella d'onore catup fascino viziare palombo ipotalamo inconvertibile ingiustizia integrale invocabile memorandum multipletto floema regione scherzo shutout lì con trumpery
Ordina le seguenti parole in ordine alfabetico: Elenco: davanzale nomina biarmonico baffi baneberry wiry dyne pirata,nomina baneberry biarmonico dyne baffi pirata davanzale filiforme
Ordina le seguenti parole in ordine alfabetico: Elenco: zoroaster skimpy,zoroastro succinto
Ordina le seguenti parole in ordine alfabetico: Elenco: quasi delfico semitico sconosciuto astuto stallo libertario antico levitare esecuzione sanzione scathe magazzino dente di leone affabile sweeney fortunato leva spinato apache,affabile quasi antiquato apache astuto dente di leone stallo esecuzione delfica fortunato cornato leva levitazione sanzione libertaria scathe semitico magazzino sweeney all'insaputa
Ordina le seguenti parole in ordine alfabetico: Elenco: percentuale maser bordo della strada stiamo memorizzando nella cache distorcere phillip rilievo epistemologia cetriolino un po' piccante ingiustizia winston savoiardo delizioso difendere indicare,memorizzare nella cache difendere delizioso distorcere rilievo epistemologia cetriolino indicare ingiustizia maser percentuale phillip bordo della strada savoiardo un po' piccante siamo winston
Ordina le seguenti parole in ordine alfabetico: Elenco: anarchico ravvivare scorciatoia totale diatomea uso guelfo acustico yarmulke fenomenologia neo burocrazia ostacolare a sinistra immobile fabbricare sindrome suggestivo fornire,acustico anarchico burocrazia diatomea fabbricare guelfo immobile a sinistra ravvivare neo fenomenologia fornire scorciatoia sindrome suggestiva totale tramaglio uso yarmulke
Ordina le seguenti parole in ordine alfabetico: Elenca: loro indirizzo addominale fomalhaut paga ottimo hannoverian yang berry tattoo islamabad swathe jordan bounty stearic stigmata coinvolge tornado effusivo,addominali indirizzo bacca generosità effusiva fomalhaut hannoverian coinvolgere islamabad giordania paga ottimale stearic stimmate swathe tatuarli tornado yang
Ordina le seguenti parole in ordine alfabetico: Elenco: predoni oppressi hurst propano morfina parsonage gadget inertial gamin,gadget oppressi gamin hurst inertial predone morfina canonica propano
Ordina le seguenti parole in ordine alfabetico: Elenco: foamflower legale cayenne chandigarh solo escursione declassificare equanimità asettico inclemente ottobre dissolutezza kruger gruppoide scorch squallido alterare,alterare asettico cayenne chandigarh debauch declassificare squallido equanimità escursione fiore di schiuma gruppoide inclemente kruger legale solo ottobre bruciatura
Ordina le seguenti parole in ordine alfabetico: Elenco: acidificare antagonismo asteria,acidifica l'antagonismo asteria
Ordina le seguenti parole in ordine alfabetico: Elenco: elton olympic iodinate captious non idoneo sherman,captious elton non ammissibile iodato sherman olimpico
Ordina le seguenti parole in ordine alfabetico: Elenco: alleviare il duopolio materasso ghiandola benelux cittadini buoyant klaxon tomografia cartonata felice gunk,alleviare benelux vivace duopolio felice ghiandola gunk rilegato klaxon materasso tomografia cittadini cittadini
Ordina le seguenti parole in ordine alfabetico: Elenco: solvate nat usable kajar downey vision detest aitken barycentric,aitken barycentric detest downey kajar nat solvate visione utilizzabile
Ordina le seguenti parole in ordine alfabetico: Elenco: griffith common nanosecond loosestrife decoy swabby aerospace danimarca yates frill spitz invidiabile stridulo fascino seminare spermatozoi saute strambata esclusivo,fascino aerospaziale esca comune danimarca invidiabile esclusivo volant griffith strambata salcerella nanosecondo saute stridente scrofa spermatozoi spitz swabby yates
Ordina le seguenti parole in ordine alfabetico: Elenco: fantasticheria gigantessa fangosa albero insensibile bate dnieper burla cortez fedele soddisfare dogging moran salire guarnigione,bate insensibile arrampicarsi cortez dnieper dogging guarnigione gigantessa albero moran fangoso scherzo fantasticheria soddisfare fedele
Ordina le seguenti parole in ordine alfabetico: Elenco: evitare stravaganza prateria elegia trappola errore gaillardia ostile caramello conclave figliastro accettare carbonchio compressore utopia drib spectra rosa embower,accettare evitare caramello carbonchio compressore conclave drib elegy imboccare errore gaillardia prateria ostile trappola rosa spettri figliastro utopia stravaganza
Ordina le seguenti parole in ordine alfabetico: Elenco: rowley guardiamarina soluzione salina furl geld locomote esumazione anarchico bstj liberazione graduale j linimento panteista eluizione profess,anarchico bstj eluizione riesumazione furl geld graduale j linimento locomote guardiamarina panteista professare liberazione Rowley soluzione salina
Ordina le seguenti parole in ordine alfabetico: Elenco: luogo di ritrovo pieno di spifferi supposto sushi boccascena anticonvulsivante saresti magnifico strofinare incoraggiare frettoloso pewee carragenina disseminare fascino scoperta cancelliere acutezza,acuità anticonvulsivante carragenina scoperta diffondere spifferi incoraggiare fascino ritrovo frettoloso magnifico pewee boccascena cancelliere scrub supponibile sushi che avresti
Ordina le seguenti parole in ordine alfabetico: Elenco: sweatband murray,fascia tergisudore
Ordina le seguenti parole in ordine alfabetico: Elenco: dimissioni ghiro bathos walt ametista ottuso,ametista bathos ghiro ottusa rassegnazione walt
Ordina le seguenti parole in ordine alfabetico: Elenco: paginate amichevole hanno istologia estrema sonorità indoeuropea tramway turvy coo deerstalker browne scagnozzo pelvis calumny,amichevole browne calunnia coo deerstalker estremo scagnozzo istologia indoeuropeo impaginato bacino sonorità hanno il tram sottosopra
Ordina le seguenti parole in ordine alfabetico: Elenco: trasgressore sidewinder pacchiano vittima non dovrebbe cortigiano lebbra evitamento gibbone fusione,evitamento vittima cortigiano gibbone lebbra fusione non dovrebbe ostacolare il trasgressore di cattivo gusto
Ordina le seguenti parole in ordine alfabetico: Elenco: intercettare tamp geopolitico loci giornalisti umber credito atmosferico affondo sirena swart chess,atmosferica scacchi credito geopolitica intercetta loci lunge giornalisti siren swart tamp umber
Ordina le seguenti parole in ordine alfabetico: Elenco: occhiolino invidioso scotia planetaria pooh emancipate army,l'esercito emancipa l'invidioso planetaria pooh scotia occhiolino
Ordina le seguenti parole in ordine alfabetico: Elenco: condiscend rampant percolate coltish date rochester placid significant,coltish condiscendente data percolato placido rampante rochester significativo
Ordina le seguenti parole in ordine alfabetico: Elenco: fanti manopola yaounde acquoso deregolamentare gala lisergico,acquoso deregolamentare gala fanti manopola lisergico yaounde
Ordina le seguenti parole in ordine alfabetico: Elenco: promulgate altercate foraminiferi sophocles zattera malfattore syllabus jive cornerstone gossamer courtroom insist dusenberg sal,altercate pietra angolare tribunale dusenberg foraminiferi ragnatela insistere jive promulgare zattera sal sofocle syllabus malfattore
Ordina le seguenti parole in ordine alfabetico: Elenco: jacob sleight globule consonant music,consonant globule jacob musicista destrezza
Ordina le seguenti parole in ordine alfabetico: Elenco: nascent fangoso,nascente fangoso
Ordina le seguenti parole in ordine alfabetico: Elenco: automatizzare abner shampoo gorgogliare nessuno squisito abramson amicizia fruttuoso accorciare impermeabile,abner abramson amity automatizza squisito gorgoglio fruttuoso nessuno shampoo accorcia impermeabile
Ordina le seguenti parole in ordine alfabetico: Elenco: cerca marcello svalutare cornice unaria spuntare intorpidito stringere agamennone erbivoro espellere zaire lien forum,agamennone serrare svalutare espellere foro cornice erbivoro pegno marcello insensibilmente cercare germogliare unario zaire
Ordina le seguenti parole in ordine alfabetico: Elenco: saul affresco adolescente bacchette footwork smalley anaplasmosi palizzata ortografia piano bombo pilato indizio lingotto fiesta,anaplasmosis bumble bacchette indizio fiesta gioco di gambe affresco lingotto ortografia palizzata pilate saul smalley piano adolescente
Ordina le seguenti parole in ordine alfabetico: Elenco: valanga chaplin battibecco cocchiere omolaterale clonico camerun fortran cram medea referente kennan canale piridina urss posticipare,valanga camerun canale chaplin clonic cocchiere stipare fortran omolaterale kennan medea posticipare piridina riferendosi battibecco urss
Ordina le seguenti parole in ordine alfabetico: Elenco: peculiare margaret contravvenzione ingratiate feccia sovrintendente tendaggio bizzarro sequenziale,bizarre contravention drapery dreg ingratiate margaret peculiar sequential sovrintendente
Ordina le seguenti parole in ordine alfabetico: Elenco: felpa bone ia wagoneer doleful homeobox hindustan convergent,bone convergent doleful hindustan homeobox ia wagoneer felpa
Ordina le seguenti parole in ordine alfabetico: Elenco: peltro gross gujarati cortland diffusible nomograph stag broadcast galvanometer transition incestuous sketchbook scout larynx,broadcast cortland galvanometro diffusibile lordo gujarati incestuoso laringe nomografo peltro scout taccuino cervo transizione
Ordina le seguenti parole in ordine alfabetico: Elenco: portmouth impalpabile ritratto gouda cervelloso soccombere fatuo zoccolo lisbona erudito malaria enigma isaacson cony roccaforte servomeccanismo,cervellone cony enigma erudito fatuo gouda zoccolo impalpabile isaacson lisbona malaria ritratto Portsmouth servomeccanismo roccaforte soccombere
Ordina le seguenti parole in ordine alfabetico: Elenco: testate orchestra permafrost leasehold shiva,leasehold orchestra permafrost shiva testate
Ordina le seguenti parole in ordine alfabetico: Elenco: logaritmo robertson inanimato uganda micron incurring wilcox legname sammy souvenir newman profuse maladapt cone butch airlift homeowner,ponte aereo butch cono proprietario di casa inanimato incorrere logaritmo legname maladapt micron newman profuse robertson sammy souvenir uganda wilcox
Ordina le seguenti parole in ordine alfabetico: Elenco: chrysalis wallaby,crisalide wallaby
Ordina le seguenti parole in ordine alfabetico: Elenco: dragare checksum venditore ambulante baronale riflettori circostanza elogio commento felicia dartmouth monocromatore emittanza neuroanatomica,baronale checksum circostanza commento dartmouth dragare emittanza elogio felicia huckster monocromatore riflettori neuroanatomici
Ordina le seguenti parole in ordine alfabetico: Elenco: ventilato biplano germinale canada nutriente arcipelago peloponneso coscia cospirazione costruttore accrue dobbin perso hamburger inconsistente malleabile ted laramie,accrue arcipelago biplano ventilato canada cospirazione costruttore dobbin germinale hamburger inconsistente laramie perso malleabile nutriente peloponneso ted coscia
Ordina le seguenti parole in ordine alfabetico: Elenco: scodinzolante tassista astronomico pivot loch coerente,tassista astronomico coerente loch pivot scodinzolando
Ordina le seguenti parole in ordine alfabetico: Elenco: inabilità nucleo vago possibile invocabile janice erg,erg incapacità invocabile janice nucleo possibile vago
Ordina le seguenti parole in ordine alfabetico: Elenco: gag grecian ada nessuno militia wildcat right abc blend cankerworm hanukkah pierson ron falcon quad flamboyant lobster kruger austere indica,abc ada miscela austera cankerworm falcon flamboyant gag grecian hanukkah indicare kruger lobster militia nessuno pierson quad right ron wildcat
Ordina le seguenti parole in ordine alfabetico: Elenco: babysitter sinuosa Hugh cutaneo parlato console stazionarietà reggimento,il reggimento Hugh sinuoso cutaneo del console babysitter ha parlato di stazionarietà
Ordina le seguenti parole in ordine alfabetico: Elenco: woebegone agile complementare pomeriggio immacolata risata gentile esita loire settuagenarian sandia toggle dixie cavalli sierra meccanismo shuffleboard,pomeriggio complementare dixie esitare potenza immacolata gentile laughlin meccanismo della loira agile sandia settantenne shuffleboard sierra alternare woebegone
Ordina le seguenti parole in ordine alfabetico: Elenco: linchpin arrear intercettazioni fasciculate shin postdottorato marittimo ibn henry hermaphrodite sticky jane brookside incorregible vehicular erodoto,arretrato ruscello intercettazioni fascicolare henry ermafrodito erodoto ibn incorreggibile jane linchpin marittimo postdottorato stinco appiccicoso veicolare
Ordina le seguenti parole in ordine alfabetico: Elenco: sinterizzazione corteccia canguro saccheggio soglia folle mcleod rotonda stipulare marionetta tramaglio incidente,corteccia incidente folle canguro marionetta mcleod saccheggio rotatoria sinterizzare stipulare soglia tramaglio
Ordina le seguenti parole in ordine alfabetico: Elenco: soulful dnieper labile lease vehicular,dnieper labile locazione soulful veicolare
Ordina le seguenti parole in ordine alfabetico: Lista: cornerstone green tigrato prowl nonce ballard scrappy credulous des pitney difluoride verso prediletto nostalgico stupro pasticcio scherzo ebreo curiosità,ballard brindle cornerstone credulous curio des difluoride green scherzetto ebreo pasticcio nonce nostalgico pitney prediletto vagabondaggio stupro scrapposo verso
Ordina le seguenti parole in ordine alfabetico: List: covenant thence davenport sonorant scoreboard densitometer loud,covenant davenport densitometer quadro di valutazione rumoroso sonorant thence
Ordina le seguenti parole in ordine alfabetico: Elenco: abitazione bona cicero pretesa argento gaussiano responsabile rastus zig scagiona portafoglio risorsa costiera ruanda manubrio oscuro,bene bona cicero costiero scuro esonera gaussiano manubrio abitazione portafoglio pretesa rastus responsabile ruanda argento zig
Ordina le seguenti parole in ordine alfabetico: Elenco: implementatore bangui nudge cavalier refractory islamabad contestuale abramson waite railway carlisle magistrate silvery picnicking dustbin emacs,abramson bangui carlisle cavalier contestuale pattumiera emacs implementatore islamabad magistrato spingere picnic ferrovia refrattario silvery waite
Ordina le seguenti parole in ordine alfabetico: Elenco: strove hendrickson apostasy jacm indonesia vibrate afloat lantanide grosbeak scavenge quark chattel conner bechtel malinconia fermento,a galla apostasia bechtel chattel conner fermento grosbeak hendrickson indonesia jacm lantanide malinconia quark scavenge lottare vibrare
Ordina le seguenti parole in ordine alfabetico: Elenco: spugnoso separato gabriel jackson quail hendrickson slavato backslide shelter calvert anastomosis varietà commando pizzicato sticktight syndicate hollister,anastomosi backslide calvert commando gabriel hendrickson hollister jackson pizzicato quaglia rifugio separato spugnoso appiccicoso sindacato varietà slavato
Ordina le seguenti parole in ordine alfabetico: Elenco: behold ossalico forse hew steel termcap pregare irrigidire dissipare misoginia formato rugiada,ecco rugiada dissipare formato hew forse misoginia ossalico pregare acciaio irrigidire termcap
Ordina le seguenti parole in ordine alfabetico: Elenco: dove rodriguez sonant monaco cinturino orticoltura claret gioco pasquale bizzarro valutate colono baden deplore,baden bizzarro claret colono deplorare colomba orticoltura monaco pasquale giocare rodriguez sonant strap valutare
Ordina le seguenti parole in ordine alfabetico: Elenco: pattugliatore arabesco romanzo menta verde arkansan curva reggiseno diagnosticabile itterbio pecora camera da letto yen carico aereo deterrente fossilifero tridente alveolare colpo di fortuna curvilineo,arabesco alveolare arkansan camera da letto piegare reggiseno curvilineo deterrente diagnosticabile colpo di fortuna fossilifero romanzo pattugliatore carico aereo pecora menta verde tridente yen itterbio
Ordina le seguenti parole in ordine alfabetico: Elenco: papaw perfidious frugal labial feel sonar trombone box dinnertime oresteia,archibugio scatola ora di cena sentire frugale labiale oresteia papaw perfido sonar
Ordina le seguenti parole in ordine alfabetico: Elenco: eglefino colosso pelle di pecora luna di miele candido pragmatico popolo agrario applicato,agrario applicato candido colosso eglefino luna di miele persone pelle di pecora pragmatica
Ordina le seguenti parole in ordine alfabetico: Elenco: catechismo papà,catechismo papà
Ordina le seguenti parole in ordine alfabetico: Elenco: holocene muriel r&d patetico artiglio mare scala bradshaw apertura sospiro,apertura bradshaw holocene mare muriel patetico r&d sospiro scala artiglio
Ordina le seguenti parole in ordine alfabetico: Elenco: busto guardiamarina musicale urinario gesso razzo resinoso horror tangenziale sapiente muto servo percorso urea goucher grasso massoneria odontoiatria cowboy roadrunner,busto gesso cowboy odontoiatria muto grasso goucher orrore muratura guardiamarina musicale percorso resinoso roadrunner razzo sapiente servo tangenziale urea urinario
Ordina le seguenti parole in ordine alfabetico: Elenco: sanhedrin scratchy helical beau venezuela awash bessie extricable indoeuropean vice pendolo crema animismo,animismo inondato beau bessie crema districabile elicoidale pendolo indoeuropeo sinedrio graffiante vice venezuela
Ordina le seguenti parole in ordine alfabetico: Lista: lui corrisponde mare herpes,corrispondere herpes lui riva del mare
Ordina le seguenti parole in ordine alfabetico: Elenco: worcestershire bonito fritter dreamboat haggard nose whodunit,Bonito Dreamboat Frittella Haggard Nose Whodunit Worcestershire
